id,name,artist,mood,danceability,energy,key,loudness,mode,speechiness,acousticness,instrumentalness,liveness,valence,tempo,type,id,uri,track_href,analysis_url,duration_ms,time_signature
1xK59OXxi2TAAAbmZK0kBL,Romantic Homicide,d4vd,romantic,0.5184174624829467,0.5451428110375989,6,-10.613,1,0.0299,0.453,0.00805,0.322,0.17869154822610395,0.47579892473947694,audio_features,1xK59OXxi2TAAAbmZK0kBL,spotify:track:1xK59OXxi2TAAAbmZK0kBL,https://api.spotify.com/v1/tracks/1xK59OXxi2TAAAbmZK0kBL,https://api.spotify.com/v1/audio-analysis/1xK59OXxi2TAAAbmZK0kBL,132631,4
5bQ6oDLqvw8tywmnSmwEyL,Apna Bana Le,Sachin-Jigar,romantic,0.5388813096862208,0.5632967564950783,9,-7.399,1,0.0267,0.803,5.52e-06,0.063,0.41738092654876857,0.18214635576159144,audio_features,5bQ6oDLqvw8tywmnSmwEyL,spotify:track:5bQ6oDLqvw8tywmnSmwEyL,https://api.spotify.com/v1/tracks/5bQ6oDLqvw8tywmnSmwEyL,https://api.spotify.com/v1/audio-analysis/5bQ6oDLqvw8tywmnSmwEyL,261702,4
12TuIypC6Im9HYL2zNd4HD,Love Mashup 2024,Arijit Singh,romantic,0.4488403819918145,0.6248184605454252,10,-7.355,0,0.0383,0.421,4.09e-05,0.147,0.10382987957035912,0.1501507987319023,audio_features,12TuIypC6Im9HYL2zNd4HD,spotify:track:12TuIypC6Im9HYL2zNd4HD,https://api.spotify.com/v1/tracks/12TuIypC6Im9HYL2zNd4HD,https://api.spotify.com/v1/audio-analysis/12TuIypC6Im9HYL2zNd4HD,291107,4
42WGQxg2lPIFBt8ZRHQ4Q4,Romantic Mashup 2,Mithoon,romantic,0.432469304229195,0.7639987090527675,8,-5.118,0,0.0422,0.0933,2e-06,0.268,0.31214060974286645,0.22865098771241021,audio_features,42WGQxg2lPIFBt8ZRHQ4Q4,spotify:track:42WGQxg2lPIFBt8ZRHQ4Q4,https://api.spotify.com/v1/tracks/42WGQxg2lPIFBt8ZRHQ4Q4,https://api.spotify.com/v1/audio-analysis/42WGQxg2lPIFBt8ZRHQ4Q4,325172,4
1hA697u7e1jX2XM8sWA6Uy,Apna Bana Le,Sachin-Jigar,romantic,0.5388813096862208,0.5632967564950783,9,-7.399,1,0.0267,0.803,5.52e-06,0.063,0.41738092654876857,0.18214635576159144,audio_features,1hA697u7e1jX2XM8sWA6Uy,spotify:track:1hA697u7e1jX2XM8sWA6Uy,https://api.spotify.com/v1/tracks/1hA697u7e1jX2XM8sWA6Uy,https://api.spotify.com/v1/audio-analysis/1hA697u7e1jX2XM8sWA6Uy,261702,4
2DzEnsDbTLHwPuIMAB2z0P,Feelinga,Garry Sandhu,romantic,0.7080491132332878,0.5189204453767952,11,-8.755,0,0.0656,0.236,2.39e-05,0.31,0.36313334056634483,0.19816727474680473,audio_features,2DzEnsDbTLHwPuIMAB2z0P,spotify:track:2DzEnsDbTLHwPuIMAB2z0P,https://api.spotify.com/v1/tracks/2DzEnsDbTLHwPuIMAB2z0P,https://api.spotify.com/v1/audio-analysis/2DzEnsDbTLHwPuIMAB2z0P,188000,4
7s5VQqrjBtrBgZL4pEa46S,Romantic Lover,Eyedress,romantic,0.6371077762619373,0.4473132160722931,9,-9.299,0,0.0869,0.701,0.924,0.198,0.5280460019529132,0.8789367725214627,audio_features,7s5VQqrjBtrBgZL4pEa46S,spotify:track:7s5VQqrjBtrBgZL4pEa46S,https://api.spotify.com/v1/tracks/7s5VQqrjBtrBgZL4pEa46S,https://api.spotify.com/v1/audio-analysis/7s5VQqrjBtrBgZL4pEa46S,86739,4
2Fv2injs4qAm8mJBGaxVKU,"Tujhe Kitna Chahne Lage (From ""Kabir Singh"")",Arijit Singh,romantic,0.32196452933151426,0.3958770372761014,11,-7.556,1,0.0366,0.736,0.0,0.11,0.27633720299446674,0.0,audio_features,2Fv2injs4qAm8mJBGaxVKU,spotify:track:2Fv2injs4qAm8mJBGaxVKU,https://api.spotify.com/v1/tracks/2Fv2injs4qAm8mJBGaxVKU,https://api.spotify.com/v1/audio-analysis/2Fv2injs4qAm8mJBGaxVKU,284780,4
62o3C7mPRsGv5671ekImkl,Romantic Mashup,Raj Barman,romantic,0.6425648021828103,0.6550750363078909,5,-5.63,0,0.03,0.452,0.0,0.396,0.5573396983834219,0.24441736152356863,audio_features,62o3C7mPRsGv5671ekImkl,spotify:track:62o3C7mPRsGv5671ekImkl,https://api.spotify.com/v1/tracks/62o3C7mPRsGv5671ekImkl,https://api.spotify.com/v1/audio-analysis/62o3C7mPRsGv5671ekImkl,401164,4
0ojpEubhy4JNeVftmVuiN7,Pehla Pyaar,Vishal Mishra,romantic,0.5675306957708048,0.7155881878328223,4,-5.105,1,0.03,0.56,4.98e-05,0.101,0.6072474774872518,0.42038521169673637,audio_features,0ojpEubhy4JNeVftmVuiN7,spotify:track:0ojpEubhy4JNeVftmVuiN7,https://api.spotify.com/v1/tracks/0ojpEubhy4JNeVftmVuiN7,https://api.spotify.com/v1/audio-analysis/0ojpEubhy4JNeVftmVuiN7,272533,4
6fW78cd0p3ZDUzoqvx2Xqe,Muskurane - Romantic,Jeet Gannguli,romantic,0.5129604365620735,0.578425044376311,11,-6.197,0,0.0264,0.628,0.0,0.132,0.1797764999457524,0.24391598466558162,audio_features,6fW78cd0p3ZDUzoqvx2Xqe,spotify:track:6fW78cd0p3ZDUzoqvx2Xqe,https://api.spotify.com/v1/tracks/6fW78cd0p3ZDUzoqvx2Xqe,https://api.spotify.com/v1/audio-analysis/6fW78cd0p3ZDUzoqvx2Xqe,334331,4
1smFN2CLqGROu0J0UyvDfL,Shayad,Pritam,romantic,0.39836289222373794,0.4684928191060191,8,-7.642,1,0.0341,0.784,0.0,0.152,0.29044157534989695,0.5052875974792315,audio_features,1smFN2CLqGROu0J0UyvDfL,spotify:track:1smFN2CLqGROu0J0UyvDfL,https://api.spotify.com/v1/tracks/1smFN2CLqGROu0J0UyvDfL,https://api.spotify.com/v1/audio-analysis/1smFN2CLqGROu0J0UyvDfL,247941,4
6q1QIBUfxyZJhygVIiG6c9,Wajah Tum Ho,Armaan Malik,romantic,0.5579809004092768,0.6863401645957722,5,-6.179,0,0.0257,0.342,1.53e-05,0.115,0.20581534121731582,0.25904213879654125,audio_features,6q1QIBUfxyZJhygVIiG6c9,spotify:track:6q1QIBUfxyZJhygVIiG6c9,https://api.spotify.com/v1/tracks/6q1QIBUfxyZJhygVIiG6c9,https://api.spotify.com/v1/audio-analysis/6q1QIBUfxyZJhygVIiG6c9,357634,4
64795RjPIb87Aa8clGWyc5,Romantic - LoFi Flip,Dj Vicky Belgaum,romantic,0.31923601637107774,0.41302243020816526,6,-9.556,0,0.0404,0.102,0.0247,0.111,0.01453835304328957,0.07445832015612108,audio_features,64795RjPIb87Aa8clGWyc5,spotify:track:64795RjPIb87Aa8clGWyc5,https://api.spotify.com/v1/tracks/64795RjPIb87Aa8clGWyc5,https://api.spotify.com/v1/audio-analysis/64795RjPIb87Aa8clGWyc5,219984,4
48Ix6ReYdJf2H4mKb3TIpj,Tera Hone Laga Hoon,Atif Aslam,romantic,0.675306957708049,0.7740842343069227,8,-5.33,1,0.0303,0.545,0.0,0.127,0.5421503743083435,0.38268938546624187,audio_features,48Ix6ReYdJf2H4mKb3TIpj,spotify:track:48Ix6ReYdJf2H4mKb3TIpj,https://api.spotify.com/v1/tracks/48Ix6ReYdJf2H4mKb3TIpj,https://api.spotify.com/v1/audio-analysis/48Ix6ReYdJf2H4mKb3TIpj,299827,4
5XD2tP1DRH2NJgp45HiEQA,Bol Do Na Zara,Armaan Malik,romantic,0.48294679399727153,0.47252702920768114,11,-8.259,0,0.0311,0.294,0.0,0.0871,0.155907562113486,0.45987828112586104,audio_features,5XD2tP1DRH2NJgp45HiEQA,spotify:track:5XD2tP1DRH2NJgp45HiEQA,https://api.spotify.com/v1/tracks/5XD2tP1DRH2NJgp45HiEQA,https://api.spotify.com/v1/audio-analysis/5XD2tP1DRH2NJgp45HiEQA,292827,3
4byiHL0b9mIoCUCjbjI4eA,"Gazab Ka Hai Din (From ""Dil Juunglee"")",Jubin Nautiyal,romantic,0.18281036834924963,0.4210908504114894,2,-8.636,1,0.0566,0.661,4.83e-06,0.0825,0.16458717587067379,0.7714107202085729,audio_features,4byiHL0b9mIoCUCjbjI4eA,spotify:track:4byiHL0b9mIoCUCjbjI4eA,https://api.spotify.com/v1/tracks/4byiHL0b9mIoCUCjbjI4eA,https://api.spotify.com/v1/audio-analysis/4byiHL0b9mIoCUCjbjI4eA,236325,4
1im9BMeeKze7rkBPIEpCUr,Jab Tak,Armaan Malik,romantic,0.1473396998635743,0.4473132160722931,3,-7.862,0,0.0383,0.858,0.000314,0.097,0.2926114787891939,0.3961262852602917,audio_features,1im9BMeeKze7rkBPIEpCUr,spotify:track:1im9BMeeKze7rkBPIEpCUr,https://api.spotify.com/v1/tracks/1im9BMeeKze7rkBPIEpCUr,https://api.spotify.com/v1/audio-analysis/1im9BMeeKze7rkBPIEpCUr,174039,4
32SDVo3sSMGPL0IzRA6YTX,Aaj Phir,Arijit Singh,romantic,0.5088676671214187,0.7539131837986122,6,-6.802,0,0.0427,0.1,5.86e-06,0.0982,0.3490289682109146,0.7841765463619323,audio_features,32SDVo3sSMGPL0IzRA6YTX,spotify:track:32SDVo3sSMGPL0IzRA6YTX,https://api.spotify.com/v1/tracks/32SDVo3sSMGPL0IzRA6YTX,https://api.spotify.com/v1/audio-analysis/32SDVo3sSMGPL0IzRA6YTX,261885,4
6Ol9idNgQJUgdZSNFSibzy,Romantic Rewind,Akhil,romantic,0.3151432469304229,0.6732289817653704,7,-4.829,1,0.0921,0.19,0.0,0.0916,0.5258760985136163,0.1311987534999961,audio_features,6Ol9idNgQJUgdZSNFSibzy,spotify:track:6Ol9idNgQJUgdZSNFSibzy,https://api.spotify.com/v1/tracks/6Ol9idNgQJUgdZSNFSibzy,https://api.spotify.com/v1/audio-analysis/6Ol9idNgQJUgdZSNFSibzy,1084057,4
0SCLsDJtC7DmOwks1tsszt,Romantic Homicide,d4vd,romantic,0.504774897680764,0.5360658383088591,6,-10.749,1,0.0332,0.471,0.00831,0.321,0.1776065965064555,0.4752126994901382,audio_features,0SCLsDJtC7DmOwks1tsszt,spotify:track:0SCLsDJtC7DmOwks1tsszt,https://api.spotify.com/v1/tracks/0SCLsDJtC7DmOwks1tsszt,https://api.spotify.com/v1/audio-analysis/0SCLsDJtC7DmOwks1tsszt,132631,4
2abBhEnDgtTlbwnUMHOoTE,Romantic Mashup,Miss Pooja,romantic,0.7285129604365619,0.9314184282717444,5,-3.946,0,0.0468,0.114,0.0,0.163,0.5681892155799068,0.22869726865314743,audio_features,2abBhEnDgtTlbwnUMHOoTE,spotify:track:2abBhEnDgtTlbwnUMHOoTE,https://api.spotify.com/v1/tracks/2abBhEnDgtTlbwnUMHOoTE,https://api.spotify.com/v1/audio-analysis/2abBhEnDgtTlbwnUMHOoTE,251280,4
5vGiuYFSGekGLgbxhV1rD5,Tu Jaane Na,Atif Aslam,romantic,0.6971350613915415,0.8638454090689043,7,-3.969,1,0.0345,0.361,1.33e-06,0.133,0.8437669523706196,0.38315990836373737,audio_features,5vGiuYFSGekGLgbxhV1rD5,spotify:track:5vGiuYFSGekGLgbxhV1rD5,https://api.spotify.com/v1/tracks/5vGiuYFSGekGLgbxhV1rD5,https://api.spotify.com/v1/audio-analysis/5vGiuYFSGekGLgbxhV1rD5,341933,4
1uwCYPAgiy5d7lPJvf0gf8,Ijazat,Meet Bros.,romantic,0.44747612551159616,0.4634500564789415,6,-8.88,0,0.0264,0.327,0.0,0.106,0.1873711619832918,0.18972871655237855,audio_features,1uwCYPAgiy5d7lPJvf0gf8,spotify:track:1uwCYPAgiy5d7lPJvf0gf8,https://api.spotify.com/v1/tracks/1uwCYPAgiy5d7lPJvf0gf8,https://api.spotify.com/v1/audio-analysis/1uwCYPAgiy5d7lPJvf0gf8,288964,4
7H7qPPRh373hwSQG1K55Rc,Romantic Mashup(Remix By Dj Chetas),Falak Shabbir,romantic,0.5811732605729876,0.8467000161368403,8,-4.803,1,0.0595,0.166,0.0,0.0889,0.5150265813171315,0.46005569139868707,audio_features,7H7qPPRh373hwSQG1K55Rc,spotify:track:7H7qPPRh373hwSQG1K55Rc,https://api.spotify.com/v1/tracks/7H7qPPRh373hwSQG1K55Rc,https://api.spotify.com/v1/audio-analysis/7H7qPPRh373hwSQG1K55Rc,216085,4
5G7pZ8G8NFvS1MQ9H4L7dC,Pal,Javed-Mohsin,romantic,0.43519781718963163,0.5027836049701468,7,-7.016,0,0.0325,0.71,0.0,0.0708,0.2926114787891939,0.48993775213470836,audio_features,5G7pZ8G8NFvS1MQ9H4L7dC,spotify:track:5G7pZ8G8NFvS1MQ9H4L7dC,https://api.spotify.com/v1/tracks/5G7pZ8G8NFvS1MQ9H4L7dC,https://api.spotify.com/v1/audio-analysis/5G7pZ8G8NFvS1MQ9H4L7dC,247286,4
2PE6wRG56ez4yiV9oXB0rF,Romantic Love Mashup (Best of love music),Abhishek Rawal,romantic,0.4215552523874488,0.2960303372599645,7,-16.384,0,0.04,0.781,2.78e-05,0.227,0.30997070630356954,0.7685721558433545,audio_features,2PE6wRG56ez4yiV9oXB0rF,spotify:track:2PE6wRG56ez4yiV9oXB0rF,https://api.spotify.com/v1/tracks/2PE6wRG56ez4yiV9oXB0rF,https://api.spotify.com/v1/audio-analysis/2PE6wRG56ez4yiV9oXB0rF,289123,4
60Rye3rM3e57fnZKkLlKQH,Chosen,Sidhu Moose Wala,romantic,0.5211459754433831,0.8124092302727126,7,-4.343,1,0.404,0.486,0.0,0.291,0.6560703048714334,0.05984896986339405,audio_features,60Rye3rM3e57fnZKkLlKQH,spotify:track:60Rye3rM3e57fnZKkLlKQH,https://api.spotify.com/v1/tracks/60Rye3rM3e57fnZKkLlKQH,https://api.spotify.com/v1/audio-analysis/60Rye3rM3e57fnZKkLlKQH,264020,4
5QtEFRYavs5S3GHtFEq7A4,Tujhe Kitna Chahne Lage,Arijit Singh,romantic,0.2783083219645293,0.3968855898015169,11,-7.556,1,0.0368,0.735,0.0,0.11,0.2730823478355213,0.0015426980245751842,audio_features,5QtEFRYavs5S3GHtFEq7A4,spotify:track:5QtEFRYavs5S3GHtFEq7A4,https://api.spotify.com/v1/tracks/5QtEFRYavs5S3GHtFEq7A4,https://api.spotify.com/v1/audio-analysis/5QtEFRYavs5S3GHtFEq7A4,284780,4
3oWxFNsXstcancCR1wODR4,Tera Ban Jaunga,Akhil Sachdeva,romantic,0.5648021828103682,0.5310230756817815,11,-6.346,1,0.0246,0.821,0.0,0.131,0.3750678094824781,0.1818995240776594,audio_features,3oWxFNsXstcancCR1wODR4,spotify:track:3oWxFNsXstcancCR1wODR4,https://api.spotify.com/v1/tracks/3oWxFNsXstcancCR1wODR4,https://api.spotify.com/v1/audio-analysis/3oWxFNsXstcancCR1wODR4,236437,4
3lT4SlZVvqLhMeiuBv7gHW,"Tujhe Kitna Chahein Aur (Film Version) [From ""Kabir Singh""]",Jubin Nautiyal,romantic,0.2278308321964529,0.25064547361626593,11,-9.51,1,0.0346,0.604,0.0,0.0915,0.2524682651622003,0.5799079009279329,audio_features,3lT4SlZVvqLhMeiuBv7gHW,spotify:track:3lT4SlZVvqLhMeiuBv7gHW,https://api.spotify.com/v1/tracks/3lT4SlZVvqLhMeiuBv7gHW,https://api.spotify.com/v1/audio-analysis/3lT4SlZVvqLhMeiuBv7gHW,276245,4
6FjbAnaPRPwiP3sciEYctO,Raabta,Pritam,romantic,0.635743519781719,0.5824592544779731,0,-8.108,1,0.0298,0.699,1.82e-05,0.116,0.2947813822284909,0.36769436066737127,audio_features,6FjbAnaPRPwiP3sciEYctO,spotify:track:6FjbAnaPRPwiP3sciEYctO,https://api.spotify.com/v1/tracks/6FjbAnaPRPwiP3sciEYctO,https://api.spotify.com/v1/audio-analysis/6FjbAnaPRPwiP3sciEYctO,243578,4
1jxFiDfEZLpShXjLt35ogg,Jazbaat 2,Amantej Hundal,romantic,0.6398362892223737,0.7791269969340003,8,-5.163,0,0.0627,0.12,0.0,0.179,0.4510144298578714,0.11320318104332672,audio_features,1jxFiDfEZLpShXjLt35ogg,spotify:track:1jxFiDfEZLpShXjLt35ogg,https://api.spotify.com/v1/tracks/1jxFiDfEZLpShXjLt35ogg,https://api.spotify.com/v1/audio-analysis/1jxFiDfEZLpShXjLt35ogg,299545,4
79hQvdTHNBkq2fp2ZrM8b2,Pal,Javed-Mohsin,romantic,0.4542974079126875,0.49874939486848474,7,-7.023,0,0.0319,0.701,0.0,0.0706,0.2969512856677878,0.49099450028154235,audio_features,79hQvdTHNBkq2fp2ZrM8b2,spotify:track:79hQvdTHNBkq2fp2ZrM8b2,https://api.spotify.com/v1/tracks/79hQvdTHNBkq2fp2ZrM8b2,https://api.spotify.com/v1/audio-analysis/79hQvdTHNBkq2fp2ZrM8b2,247286,4
16YZbdkJtyvsjV8UKOwQBB,Romantic Sunday,"Car, the garden",romantic,0.6275579809004093,0.6631434565112151,7,-7.322,1,0.026,0.488,0.00422,0.315,0.7710751871541718,0.3675400908649137,audio_features,16YZbdkJtyvsjV8UKOwQBB,spotify:track:16YZbdkJtyvsjV8UKOwQBB,https://api.spotify.com/v1/tracks/16YZbdkJtyvsjV8UKOwQBB,https://api.spotify.com/v1/audio-analysis/16YZbdkJtyvsjV8UKOwQBB,230339,4
4gkqGoKI311ayrtcvYaFTz,"Bawara Mann (From ""Jolly Ll.B 2"")",Jubin Nautiyal,romantic,0.38881309686221005,0.45437308375020175,8,-8.334,1,0.0255,0.678,0.00175,0.313,0.3175653683411088,0.11279436606681426,audio_features,4gkqGoKI311ayrtcvYaFTz,spotify:track:4gkqGoKI311ayrtcvYaFTz,https://api.spotify.com/v1/tracks/4gkqGoKI311ayrtcvYaFTz,https://api.spotify.com/v1/audio-analysis/4gkqGoKI311ayrtcvYaFTz,216073,4
2rOnSn2piaqLAlYjtfUBlY,"Raataan Lambiyan (From ""Shershaah"")",Tanishk Bagchi,romantic,0.7216916780354705,0.6318783282233339,10,-5.549,1,0.0413,0.615,0.0,0.108,0.4998372572420528,0.08207924839752245,audio_features,2rOnSn2piaqLAlYjtfUBlY,spotify:track:2rOnSn2piaqLAlYjtfUBlY,https://api.spotify.com/v1/tracks/2rOnSn2piaqLAlYjtfUBlY,https://api.spotify.com/v1/audio-analysis/2rOnSn2piaqLAlYjtfUBlY,230292,4
6OGgPVxqijHJ5tQlZXkEfW,Romantic Homicide - Live Version,d4vd,romantic,0.38062755798090037,0.5027836049701468,6,-9.108,1,0.027,0.0689,0.000669,0.118,0.17435174134751003,0.4754518176839475,audio_features,6OGgPVxqijHJ5tQlZXkEfW,spotify:track:6OGgPVxqijHJ5tQlZXkEfW,https://api.spotify.com/v1/tracks/6OGgPVxqijHJ5tQlZXkEfW,https://api.spotify.com/v1/audio-analysis/6OGgPVxqijHJ5tQlZXkEfW,241818,4
6R6BpMBFQrF7n2uEOxYmss,"Kabhii Tumhhe (From ""Shershaah"")",Javed-Mohsin,romantic,0.4924965893587994,0.33536388575117,7,-7.466,0,0.0284,0.84,1.92e-06,0.12,0.3718129543235326,0.2044152017463342,audio_features,6R6BpMBFQrF7n2uEOxYmss,spotify:track:6R6BpMBFQrF7n2uEOxYmss,https://api.spotify.com/v1/tracks/6R6BpMBFQrF7n2uEOxYmss,https://api.spotify.com/v1/audio-analysis/6R6BpMBFQrF7n2uEOxYmss,230103,4
4Izua7XOcXRyWmOGWDDppr,Sab Tera,Armaan Malik,romantic,0.42837653478854015,0.6439809585283202,7,-5.864,1,0.0339,0.643,0.0,0.151,0.4076163610719323,0.6896400114159655,audio_features,4Izua7XOcXRyWmOGWDDppr,spotify:track:4Izua7XOcXRyWmOGWDDppr,https://api.spotify.com/v1/tracks/4Izua7XOcXRyWmOGWDDppr,https://api.spotify.com/v1/audio-analysis/4Izua7XOcXRyWmOGWDDppr,228117,4
5lTTuESHokJHpSsEvvSR64,Romantico Ma Muori,Pinguini Tattici Nucleari,romantic,0.660300136425648,0.6540664837824753,9,-5.853,1,0.0634,0.354,0.0,0.285,0.7862645112292505,0.08933764260314869,audio_features,5lTTuESHokJHpSsEvvSR64,spotify:track:5lTTuESHokJHpSsEvvSR64,https://api.spotify.com/v1/tracks/5lTTuESHokJHpSsEvvSR64,https://api.spotify.com/v1/audio-analysis/5lTTuESHokJHpSsEvvSR64,166331,4
2VrNpMt23IX5ZfROWM7wAi,Malai Mangum Neram,Ranina Reddy,romantic,0.65075034106412,0.5048007100209778,1,-10.225,0,0.0566,0.388,0.3,0.0761,0.5226212433546709,0.12057727760079606,audio_features,2VrNpMt23IX5ZfROWM7wAi,spotify:track:2VrNpMt23IX5ZfROWM7wAi,https://api.spotify.com/v1/tracks/2VrNpMt23IX5ZfROWM7wAi,https://api.spotify.com/v1/audio-analysis/2VrNpMt23IX5ZfROWM7wAi,313601,4
7IBSffWIu7P2MC7kMwy2FM,Hopeless Romantic (feat. Swae Lee),Wiz Khalifa,romantic,0.9358799454297406,0.4775697918347588,9,-7.379,0,0.0587,0.307,0.0,0.0929,0.5432353260279918,0.43700778291153397,audio_features,7IBSffWIu7P2MC7kMwy2FM,spotify:track:7IBSffWIu7P2MC7kMwy2FM,https://api.spotify.com/v1/tracks/7IBSffWIu7P2MC7kMwy2FM,https://api.spotify.com/v1/audio-analysis/7IBSffWIu7P2MC7kMwy2FM,226743,4
5llaVhaIoowKT3fqf2NfPO,Pehli Nazar Mein,Atif Aslam,romantic,0.4051841746248294,0.5713651766984024,9,-5.602,1,0.0775,0.251,0.0,0.107,0.669089725507215,0.7662118278657544,audio_features,5llaVhaIoowKT3fqf2NfPO,spotify:track:5llaVhaIoowKT3fqf2NfPO,https://api.spotify.com/v1/tracks/5llaVhaIoowKT3fqf2NfPO,https://api.spotify.com/v1/audio-analysis/5llaVhaIoowKT3fqf2NfPO,312893,4
6iXO4A5u0CRLNre9lSxntL,Romantic,Yusuke Honma,romantic,0.36698499317871763,0.27485073422623857,9,-17.467,0,0.0297,0.541,0.899,0.36,0.265487685797982,0.3131522720085157,audio_features,6iXO4A5u0CRLNre9lSxntL,spotify:track:6iXO4A5u0CRLNre9lSxntL,https://api.spotify.com/v1/tracks/6iXO4A5u0CRLNre9lSxntL,https://api.spotify.com/v1/audio-analysis/6iXO4A5u0CRLNre9lSxntL,183027,3
2vPMoMDXxu9uX1igWZmXSG,New Romantics (Taylor's Version),Taylor Swift,romantic,0.6302864938608459,0.851742778763918,5,-5.936,1,0.0583,0.00516,4.24e-06,0.0798,0.7298470218075296,0.39839405135641726,audio_features,2vPMoMDXxu9uX1igWZmXSG,spotify:track:2vPMoMDXxu9uX1igWZmXSG,https://api.spotify.com/v1/tracks/2vPMoMDXxu9uX1igWZmXSG,https://api.spotify.com/v1/audio-analysis/2vPMoMDXxu9uX1igWZmXSG,230178,4
3JUmNYQyJKeRq2a3RR8K71,"Ijazat (From ""One Night Stand"")",Meet Bros.,romantic,0.44747612551159616,0.4634500564789415,6,-8.88,0,0.0264,0.327,0.0,0.106,0.1873711619832918,0.18972871655237855,audio_features,3JUmNYQyJKeRq2a3RR8K71,spotify:track:3JUmNYQyJKeRq2a3RR8K71,https://api.spotify.com/v1/tracks/3JUmNYQyJKeRq2a3RR8K71,https://api.spotify.com/v1/audio-analysis/3JUmNYQyJKeRq2a3RR8K71,288964,4
0FAkF04YFGK1DN0dATMcX2,Romantic,the chamo,romantic,0.2278308321964529,0.9102388252380184,5,-9.985,0,0.0441,0.775,0.922,0.182,0.35987848540739936,0.8611186103376194,audio_features,0FAkF04YFGK1DN0dATMcX2,spotify:track:0FAkF04YFGK1DN0dATMcX2,https://api.spotify.com/v1/tracks/0FAkF04YFGK1DN0dATMcX2,https://api.spotify.com/v1/audio-analysis/0FAkF04YFGK1DN0dATMcX2,150069,3
5HRkeHARMglmn1uKfyYvNt,Romantic Mashup 3,Raj Barman,romantic,0.7844474761255116,0.7740842343069227,7,-4.893,1,0.0549,0.259,0.0,0.157,0.7678203319952263,0.26680962335027736,audio_features,5HRkeHARMglmn1uKfyYvNt,spotify:track:5HRkeHARMglmn1uKfyYvNt,https://api.spotify.com/v1/tracks/5HRkeHARMglmn1uKfyYvNt,https://api.spotify.com/v1/audio-analysis/5HRkeHARMglmn1uKfyYvNt,441930,4
018eOid2aGaPdxon7T6GsC,"Shayad (From ""Love Aaj Kal"")",Pritam,romantic,0.4038199181446111,0.45639018880103277,8,-7.144,1,0.0319,0.789,1.79e-06,0.141,0.3219051752197027,0.5069305708754039,audio_features,018eOid2aGaPdxon7T6GsC,spotify:track:018eOid2aGaPdxon7T6GsC,https://api.spotify.com/v1/tracks/018eOid2aGaPdxon7T6GsC,https://api.spotify.com/v1/audio-analysis/018eOid2aGaPdxon7T6GsC,247941,4
6rPDrn83Edjzk3MCwRIoBI,Lofi Lovee,Ved Sharma,lofi,0.5961800818553888,0.5451428110375989,4,-6.167,1,0.068,0.333,0.0,0.132,0.4162959748291201,0.5673580524980137,audio_features,6rPDrn83Edjzk3MCwRIoBI,spotify:track:6rPDrn83Edjzk3MCwRIoBI,https://api.spotify.com/v1/tracks/6rPDrn83Edjzk3MCwRIoBI,https://api.spotify.com/v1/audio-analysis/6rPDrn83Edjzk3MCwRIoBI,210000,4
11na2yXOmMbkUL8f5j6vxZ,Main Rang Sharbaton Ka (Lofi Mix),Pritam,lofi,0.48567530695770805,0.43016782314022917,6,-10.917,1,0.0311,0.679,0.396,0.112,0.48790278832591955,0.0737023981240792,audio_features,11na2yXOmMbkUL8f5j6vxZ,spotify:track:11na2yXOmMbkUL8f5j6vxZ,https://api.spotify.com/v1/tracks/11na2yXOmMbkUL8f5j6vxZ,https://api.spotify.com/v1/audio-analysis/11na2yXOmMbkUL8f5j6vxZ,147000,4
1pnC5d46tqFwjqGtbjJPn7,Subhanallah Lofi Mix,Pritam,lofi,0.07912687585266032,0.4614329514281104,9,-6.897,1,0.0373,0.692,2.47e-06,0.249,0.11142454160789846,0.07347870691051583,audio_features,1pnC5d46tqFwjqGtbjJPn7,spotify:track:1pnC5d46tqFwjqGtbjJPn7,https://api.spotify.com/v1/tracks/1pnC5d46tqFwjqGtbjJPn7,https://api.spotify.com/v1/audio-analysis/1pnC5d46tqFwjqGtbjJPn7,199027,4
7JGgKHHDgJCJkQCQxyHHdl,Zara Zara - Lofi,Bombay Jayashri,lofi,0.5688949522510232,0.639946748426658,11,-6.008,0,0.0292,0.581,0.0172,0.448,0.42063578170771404,0.5379465146594882,audio_features,7JGgKHHDgJCJkQCQxyHHdl,spotify:track:7JGgKHHDgJCJkQCQxyHHdl,https://api.spotify.com/v1/tracks/7JGgKHHDgJCJkQCQxyHHdl,https://api.spotify.com/v1/audio-analysis/7JGgKHHDgJCJkQCQxyHHdl,219438,4
1KPAtV3E11Y3pbnzUOtO0d,Samjhawan - Lofi Flip,KSW,lofi,0.5306957708049111,0.41806519283524285,4,-10.307,1,0.0295,0.453,0.00151,0.28,0.1266138656829771,0.28279968837499914,audio_features,1KPAtV3E11Y3pbnzUOtO0d,spotify:track:1KPAtV3E11Y3pbnzUOtO0d,https://api.spotify.com/v1/tracks/1KPAtV3E11Y3pbnzUOtO0d,https://api.spotify.com/v1/audio-analysis/1KPAtV3E11Y3pbnzUOtO0d,227101,4
05R5NzVM92huBXaszuXSZH,Teri Ore (Lo-Fi Flip),VIBIE,lofi,0.18281036834924963,0.487655317088914,2,-10.638,1,0.0681,0.677,0.000112,0.159,0.1667570793099707,0.6933810541255601,audio_features,05R5NzVM92huBXaszuXSZH,spotify:track:05R5NzVM92huBXaszuXSZH,https://api.spotify.com/v1/tracks/05R5NzVM92huBXaszuXSZH,https://api.spotify.com/v1/audio-analysis/05R5NzVM92huBXaszuXSZH,243000,4
1E16f7KcZmuXuhlenRwA2m,Saibo - Lofi Flip,VIBIE,lofi,0.1800818553888131,0.34847506858157173,7,-12.524,1,0.0761,0.965,0.00548,0.116,0.16133232071172837,0.8472111876460742,audio_features,1E16f7KcZmuXuhlenRwA2m,spotify:track:1E16f7KcZmuXuhlenRwA2m,https://api.spotify.com/v1/tracks/1E16f7KcZmuXuhlenRwA2m,https://api.spotify.com/v1/audio-analysis/1E16f7KcZmuXuhlenRwA2m,146646,4
4k3lDspNfbhsutzrPFbcpZ,Mind Relaxing Lofi Mashups,Kishan Bairwa Kanyakheri,lofi,0.24010914051841742,0.6833145070195256,7,-8.632,1,0.083,0.209,0.0,0.0999,0.057176955625474674,0.15153151346389704,audio_features,4k3lDspNfbhsutzrPFbcpZ,spotify:track:4k3lDspNfbhsutzrPFbcpZ,https://api.spotify.com/v1/tracks/4k3lDspNfbhsutzrPFbcpZ,https://api.spotify.com/v1/audio-analysis/4k3lDspNfbhsutzrPFbcpZ,1724472,4
2R3CJquLzefg8IYp0K0hnB,Rangisari Lofi Mix,Kanishk Seth,lofi,0.3178717598908594,0.4513474261739552,10,-7.874,1,0.0291,0.707,1.53e-05,0.151,0.09189541065422592,0.536889766512654,audio_features,2R3CJquLzefg8IYp0K0hnB,spotify:track:2R3CJquLzefg8IYp0K0hnB,https://api.spotify.com/v1/tracks/2R3CJquLzefg8IYp0K0hnB,https://api.spotify.com/v1/audio-analysis/2R3CJquLzefg8IYp0K0hnB,181216,4
5w1MhmSc5S5iHnhy4s3fFb,Hawayein - Lofi Flip,VIBIE,lofi,0.40654843110504774,0.3121671776666129,2,-14.965,1,0.0633,0.875,0.0125,0.235,0.3045459477053271,0.34203157902856307,audio_features,5w1MhmSc5S5iHnhy4s3fFb,spotify:track:5w1MhmSc5S5iHnhy4s3fFb,https://api.spotify.com/v1/tracks/5w1MhmSc5S5iHnhy4s3fFb,https://api.spotify.com/v1/audio-analysis/5w1MhmSc5S5iHnhy4s3fFb,313040,4
0GucA3qLWxJU6Peffg3yHD,Ilahi Lofi Mix,Pritam,lofi,0.24693042291950879,0.6369210908504115,9,-6.367,1,0.0337,0.204,0.0116,0.368,0.017359227514375616,0.18473808844287776,audio_features,0GucA3qLWxJU6Peffg3yHD,spotify:track:0GucA3qLWxJU6Peffg3yHD,https://api.spotify.com/v1/tracks/0GucA3qLWxJU6Peffg3yHD,https://api.spotify.com/v1/audio-analysis/0GucA3qLWxJU6Peffg3yHD,171061,1
6otk6bUVXgXsBCygldOoDa,Jeene Laga Hoon (Lofi Mix),Atif Aslam,lofi,0.055934515688949527,0.5320316282071971,7,-9.938,0,0.0361,0.48,8.31e-05,0.166,0.24053379624606708,0.061198830634897394,audio_features,6otk6bUVXgXsBCygldOoDa,spotify:track:6otk6bUVXgXsBCygldOoDa,https://api.spotify.com/v1/tracks/6otk6bUVXgXsBCygldOoDa,https://api.spotify.com/v1/audio-analysis/6otk6bUVXgXsBCygldOoDa,261731,4
7JOFplrLQfYkuEcWCASZDo,Iktara - Lofi Flip,Kavita Seth,lofi,0.26057298772169163,0.5209375504276262,7,-12.319,1,0.0366,0.225,0.0506,0.427,0.13854833459911037,0.6905579167405878,audio_features,7JOFplrLQfYkuEcWCASZDo,spotify:track:7JOFplrLQfYkuEcWCASZDo,https://api.spotify.com/v1/tracks/7JOFplrLQfYkuEcWCASZDo,https://api.spotify.com/v1/audio-analysis/7JOFplrLQfYkuEcWCASZDo,173974,4
0olOcc4XT3iLyhlzqPUugX,No Love - Lofi,Sahel Ahmed,lofi,0.7735334242837653,0.39486848475068587,0,-14.19,1,0.0838,0.337,7.17e-05,0.119,0.4162959748291201,0.37658030128892417,audio_features,0olOcc4XT3iLyhlzqPUugX,spotify:track:0olOcc4XT3iLyhlzqPUugX,https://api.spotify.com/v1/tracks/0olOcc4XT3iLyhlzqPUugX,https://api.spotify.com/v1/audio-analysis/0olOcc4XT3iLyhlzqPUugX,196441,4
2f7zO0rjaIcGO9Nf0nwL8S,Darasal Lofi Mix,Atif Aslam,lofi,0.19236016371077763,0.33939809585283204,0,-12.867,1,0.0291,0.911,0.0101,0.0782,0.19279592058153416,0.2422267303286718,audio_features,2f7zO0rjaIcGO9Nf0nwL8S,spotify:track:2f7zO0rjaIcGO9Nf0nwL8S,https://api.spotify.com/v1/tracks/2f7zO0rjaIcGO9Nf0nwL8S,https://api.spotify.com/v1/audio-analysis/2f7zO0rjaIcGO9Nf0nwL8S,250090,4
3dOxvk4imaxwF2EpFOeIeN,"Tum Se Hi (From ""Love In Lo-Fi Volume 1"")",Mohit Chauhan,lofi,0.42019099590723047,0.5068178150718089,6,-10.45,1,0.0296,0.481,0.00131,0.397,0.2210046652923945,0.4606573436282715,audio_features,3dOxvk4imaxwF2EpFOeIeN,spotify:track:3dOxvk4imaxwF2EpFOeIeN,https://api.spotify.com/v1/tracks/3dOxvk4imaxwF2EpFOeIeN,https://api.spotify.com/v1/audio-analysis/3dOxvk4imaxwF2EpFOeIeN,278776,4
5EIFtcs5653Xjgs1gAAB7a,Pee Loon Lofi Mix,Pritam,lofi,0.1787175989085948,0.43924479586896886,8,-6.807,1,0.0441,0.658,2.15e-06,0.557,0.4032765541933384,0.03165616346428268,audio_features,5EIFtcs5653Xjgs1gAAB7a,spotify:track:5EIFtcs5653Xjgs1gAAB7a,https://api.spotify.com/v1/tracks/5EIFtcs5653Xjgs1gAAB7a,https://api.spotify.com/v1/audio-analysis/5EIFtcs5653Xjgs1gAAB7a,194261,4
29NyItj5L18Qn4QlPSeRE3,Waalian (Lofi Mix),Gravero,lofi,0.5497953615279672,0.637929643375827,10,-8.512,0,0.372,0.572,0.0,0.104,0.4586090918954106,0.11215414638661558,audio_features,29NyItj5L18Qn4QlPSeRE3,spotify:track:29NyItj5L18Qn4QlPSeRE3,https://api.spotify.com/v1/tracks/29NyItj5L18Qn4QlPSeRE3,https://api.spotify.com/v1/audio-analysis/29NyItj5L18Qn4QlPSeRE3,187933,4
3TEpHcylaJDZyYOiBVzlwN,Raanjhanaa - Lofi Flip,Silent Ocean,lofi,0.11050477489768079,0.4735355817330967,6,-11.03,0,0.0944,0.788,0.119,0.949,0.2947813822284909,0.9999922865098771,audio_features,3TEpHcylaJDZyYOiBVzlwN,spotify:track:3TEpHcylaJDZyYOiBVzlwN,https://api.spotify.com/v1/tracks/3TEpHcylaJDZyYOiBVzlwN,https://api.spotify.com/v1/audio-analysis/3TEpHcylaJDZyYOiBVzlwN,190000,4
1CsRoIeHaHRysPMoEaKRoQ,Tum Mile - Lofi Flip,KSW,lofi,0.7094133697135061,0.5804421494271421,0,-11.059,1,0.0363,0.218,0.053,0.32,0.17218183790821306,0.34395995155928205,audio_features,1CsRoIeHaHRysPMoEaKRoQ,spotify:track:1CsRoIeHaHRysPMoEaKRoQ,https://api.spotify.com/v1/tracks/1CsRoIeHaHRysPMoEaKRoQ,https://api.spotify.com/v1/audio-analysis/1CsRoIeHaHRysPMoEaKRoQ,242103,4
0s8Ht3XaHDQuDjLnK3xVMW,Shayad - Lofi Flip,VIBIE,lofi,0.6480218281036834,0.4402533483943844,8,-11.046,1,0.0486,0.601,0.0219,0.342,0.4032765541933384,0.38289764969955953,audio_features,0s8Ht3XaHDQuDjLnK3xVMW,spotify:track:0s8Ht3XaHDQuDjLnK3xVMW,https://api.spotify.com/v1/tracks/0s8Ht3XaHDQuDjLnK3xVMW,https://api.spotify.com/v1/audio-analysis/0s8Ht3XaHDQuDjLnK3xVMW,208000,4
7EcRb9AkOSRXdTFAlKt5Vy,Falak Tak - LoFi Mix,Udit Narayan,lofi,0.5948158253751705,0.37873164434403744,2,-9.177,0,0.0453,0.798,0.0122,0.135,0.001410437235543023,0.551059447868377,audio_features,7EcRb9AkOSRXdTFAlKt5Vy,spotify:track:7EcRb9AkOSRXdTFAlKt5Vy,https://api.spotify.com/v1/tracks/7EcRb9AkOSRXdTFAlKt5Vy,https://api.spotify.com/v1/audio-analysis/7EcRb9AkOSRXdTFAlKt5Vy,229859,4
7vwTvVDpsONocB0zr8ShtJ,Ranjha - Lofi Flip,VIBIE,lofi,0.5320600272851295,0.4321849281910602,1,-10.701,1,0.168,0.799,0.000178,0.0844,0.27959205815341215,0.6156676411375857,audio_features,7vwTvVDpsONocB0zr8ShtJ,spotify:track:7vwTvVDpsONocB0zr8ShtJ,https://api.spotify.com/v1/tracks/7vwTvVDpsONocB0zr8ShtJ,https://api.spotify.com/v1/audio-analysis/7vwTvVDpsONocB0zr8ShtJ,201600,4
0ThEdqK8ZBi4nKNs1fOpJD,Tu Jaane Naa (Lofi Mix),Pritam,lofi,0.44611186903137784,0.7216395029853154,7,-4.863,1,0.0414,0.574,6.97e-05,0.22,0.25463816860149724,0.34451532284812914,audio_features,0ThEdqK8ZBi4nKNs1fOpJD,spotify:track:0ThEdqK8ZBi4nKNs1fOpJD,https://api.spotify.com/v1/tracks/0ThEdqK8ZBi4nKNs1fOpJD,https://api.spotify.com/v1/audio-analysis/0ThEdqK8ZBi4nKNs1fOpJD,338875,4
4jQkn21WCZ7g1NS2wMQeoi,Hasi - Lofi Flip,KSW,lofi,0.33151432469304226,0.3414152009036631,6,-11.409,0,0.0302,0.557,0.000114,0.337,0.10599978300965608,0.027583440679404214,audio_features,4jQkn21WCZ7g1NS2wMQeoi,spotify:track:4jQkn21WCZ7g1NS2wMQeoi,https://api.spotify.com/v1/tracks/4jQkn21WCZ7g1NS2wMQeoi,https://api.spotify.com/v1/audio-analysis/4jQkn21WCZ7g1NS2wMQeoi,183716,4
6v8mSl4GZXok3Ebe9x4Jmr,Mood - Lofi,Yagih Mael,lofi,0.635743519781719,0.2647652089720833,2,-16.744,1,0.203,0.8,2.3e-06,0.111,0.33817945101442987,0.6916300918676672,audio_features,6v8mSl4GZXok3Ebe9x4Jmr,spotify:track:6v8mSl4GZXok3Ebe9x4Jmr,https://api.spotify.com/v1/tracks/6v8mSl4GZXok3Ebe9x4Jmr,https://api.spotify.com/v1/audio-analysis/6v8mSl4GZXok3Ebe9x4Jmr,162664,4
2aLmZdasaFf9F3AIM2kM2a,Gangsta's Paradise,Lofi Fruits Music,lofi,0.6180081855388813,0.3807487493948685,0,-7.425,0,0.0333,0.497,0.898,0.11,0.14397309319735274,0.6144643366784168,audio_features,2aLmZdasaFf9F3AIM2kM2a,spotify:track:2aLmZdasaFf9F3AIM2kM2a,https://api.spotify.com/v1/tracks/2aLmZdasaFf9F3AIM2kM2a,https://api.spotify.com/v1/audio-analysis/2aLmZdasaFf9F3AIM2kM2a,115201,4
1likAlZIuAlfJCWOItGojk,Paniyon Sa Lofi Mix,Tulsi Kumar,lofi,0.4215552523874488,0.3414152009036631,0,-11.542,0,0.0323,0.838,0.0538,0.174,0.13854833459911037,0.507740487338306,audio_features,1likAlZIuAlfJCWOItGojk,spotify:track:1likAlZIuAlfJCWOItGojk,https://api.spotify.com/v1/tracks/1likAlZIuAlfJCWOItGojk,https://api.spotify.com/v1/audio-analysis/1likAlZIuAlfJCWOItGojk,212287,4
6xsAnI5UUKWkPivbL1N8MA,Lofi,SMUBeats,lofi,0.8676671214188265,0.19315797966758108,7,-16.146,0,0.0949,0.0289,0.904,0.114,0.33383964413583594,0.8151770631657707,audio_features,6xsAnI5UUKWkPivbL1N8MA,spotify:track:6xsAnI5UUKWkPivbL1N8MA,https://api.spotify.com/v1/tracks/6xsAnI5UUKWkPivbL1N8MA,https://api.spotify.com/v1/audio-analysis/6xsAnI5UUKWkPivbL1N8MA,182734,4
0yIUl79oGZKSYeLY1KEOxP,"Raataan Chill Mix - Spotify Singles (Tanishk Bagchi, Jubin Nautiyal, Hanita Bhambri)",Tanishk Bagchi,lofi,0.5607094133697135,0.4957237372922382,10,-7.652,1,0.0334,0.88,3.78e-06,0.385,0.3327546924161875,0.07453545505734982,audio_features,0yIUl79oGZKSYeLY1KEOxP,spotify:track:0yIUl79oGZKSYeLY1KEOxP,https://api.spotify.com/v1/tracks/0yIUl79oGZKSYeLY1KEOxP,https://api.spotify.com/v1/audio-analysis/0yIUl79oGZKSYeLY1KEOxP,154620,4
6sAn8zDfv8nIq3gdce7QNI,Lofi,Domknowz,lofi,0.6780354706684855,0.167944166532193,10,-18.751,0,0.0596,0.74,0.899,0.111,0.24270369968536404,0.5675663167313316,audio_features,6sAn8zDfv8nIq3gdce7QNI,spotify:track:6sAn8zDfv8nIq3gdce7QNI,https://api.spotify.com/v1/tracks/6sAn8zDfv8nIq3gdce7QNI,https://api.spotify.com/v1/audio-analysis/6sAn8zDfv8nIq3gdce7QNI,122434,4
7nsjBUVRQTUEvCReXAtVPi,Kesariya - Lofi Flip,VIBIE,lofi,0.5607094133697135,0.4099967726319187,11,-12.368,1,0.0391,0.213,1.19e-06,0.235,0.017142237170445926,0.1901529585091366,audio_features,7nsjBUVRQTUEvCReXAtVPi,spotify:track:7nsjBUVRQTUEvCReXAtVPi,https://api.spotify.com/v1/tracks/7nsjBUVRQTUEvCReXAtVPi,https://api.spotify.com/v1/audio-analysis/7nsjBUVRQTUEvCReXAtVPi,240158,4
0EPGVAed53ejSJOBssPuoP,Lofi,Tollan Kim,lofi,0.6248294679399726,0.29804744231079555,2,-16.223,1,0.0326,0.722,0.885,0.227,0.39676684387544753,0.537144311686709,audio_features,0EPGVAed53ejSJOBssPuoP,spotify:track:0EPGVAed53ejSJOBssPuoP,https://api.spotify.com/v1/tracks/0EPGVAed53ejSJOBssPuoP,https://api.spotify.com/v1/audio-analysis/0EPGVAed53ejSJOBssPuoP,123429,4
77IPBSEbMAiH7gOGfLllKz,Saiyyan - Lofi Flip,Kailash Kher,lofi,0.4488403819918145,0.464458609004357,0,-8.963,1,0.124,0.961,0.855,0.183,0.087555603775632,0.8454756523684273,audio_features,77IPBSEbMAiH7gOGfLllKz,spotify:track:77IPBSEbMAiH7gOGfLllKz,https://api.spotify.com/v1/tracks/77IPBSEbMAiH7gOGfLllKz,https://api.spotify.com/v1/audio-analysis/77IPBSEbMAiH7gOGfLllKz,267834,4
5mUHMvSFACM4vxOSzh08va,Lofi,Aesthetic Taffy,lofi,0.8472032742155526,0.1437389059222204,9,-17.336,1,0.102,0.746,0.904,0.107,0.671259628946512,0.4598397136752468,audio_features,5mUHMvSFACM4vxOSzh08va,spotify:track:5mUHMvSFACM4vxOSzh08va,https://api.spotify.com/v1/tracks/5mUHMvSFACM4vxOSzh08va,https://api.spotify.com/v1/audio-analysis/5mUHMvSFACM4vxOSzh08va,76304,4
4NuQs8bpxVNt3AG6ISLW9m,Mera Mann (Lo-fi Remix),Lofiwaala,lofi,0.15143246930422916,0.11852509278683235,2,-20.464,1,0.0337,0.62,0.00379,0.11,0.02994466746229793,0.5384016105767377,audio_features,4NuQs8bpxVNt3AG6ISLW9m,spotify:track:4NuQs8bpxVNt3AG6ISLW9m,https://api.spotify.com/v1/tracks/4NuQs8bpxVNt3AG6ISLW9m,https://api.spotify.com/v1/audio-analysis/4NuQs8bpxVNt3AG6ISLW9m,153339,4
40yBRGHr0OdSSwGWB6tnnd,Lofi,Designer Pack,lofi,0.8526603001364255,0.36965467161529775,0,-15.432,1,0.0944,0.033,0.829,0.0921,0.3739828577628296,0.537128884706463,audio_features,40yBRGHr0OdSSwGWB6tnnd,spotify:track:40yBRGHr0OdSSwGWB6tnnd,https://api.spotify.com/v1/tracks/40yBRGHr0OdSSwGWB6tnnd,https://api.spotify.com/v1/audio-analysis/40yBRGHr0OdSSwGWB6tnnd,265509,4
79UQjoU5Yfe4AsVlbVOvPz,Mehrama - Lofi Flip,Darshan Raval,lofi,0.04502046384720326,0.5007664999193158,7,-13.006,1,0.0553,0.86,0.219,0.377,0.24595855484430945,0.8499186226792037,audio_features,79UQjoU5Yfe4AsVlbVOvPz,spotify:track:79UQjoU5Yfe4AsVlbVOvPz,https://api.spotify.com/v1/tracks/79UQjoU5Yfe4AsVlbVOvPz,https://api.spotify.com/v1/audio-analysis/79UQjoU5Yfe4AsVlbVOvPz,216240,4
0A68HIrp4RkxapM9KDLhrv,lofi,lofi weeb,lofi,0.9836289222373806,0.2072777150233984,0,-14.679,1,0.0872,0.57,0.976,0.086,0.7981989801453837,0.15131553574045653,audio_features,0A68HIrp4RkxapM9KDLhrv,spotify:track:0A68HIrp4RkxapM9KDLhrv,https://api.spotify.com/v1/tracks/0A68HIrp4RkxapM9KDLhrv,https://api.spotify.com/v1/audio-analysis/0A68HIrp4RkxapM9KDLhrv,55843,4
0iE24szoaXoC3SRQ07181N,Lofi,Wilmer Roberts,lofi,0.656207366984993,0.3404066483782476,7,-11.627,0,0.42,0.19,0.0,0.112,0.33709449929478136,0.10071504053439062,audio_features,0iE24szoaXoC3SRQ07181N,spotify:track:0iE24szoaXoC3SRQ07181N,https://api.spotify.com/v1/tracks/0iE24szoaXoC3SRQ07181N,https://api.spotify.com/v1/audio-analysis/0iE24szoaXoC3SRQ07181N,231264,4
1Zi1HxNIWVFHx1RxOXkTjB,Sankat Mochan Hanuman - Lofi,Agam Aggarwal,lofi,0.18281036834924963,0.4271421655639826,6,-7.741,1,0.0339,0.719,0.0,0.192,0.4162959748291201,0.04125174517714025,audio_features,1Zi1HxNIWVFHx1RxOXkTjB,spotify:track:1Zi1HxNIWVFHx1RxOXkTjB,https://api.spotify.com/v1/tracks/1Zi1HxNIWVFHx1RxOXkTjB,https://api.spotify.com/v1/audio-analysis/1Zi1HxNIWVFHx1RxOXkTjB,417216,3
7gBIx2EA6bzSIMKFPw629x,LoFi,Zleept,lofi,0.6398362892223737,0.3081329675649508,6,-11.644,1,0.0638,0.189,0.665,0.101,0.3685580991645872,0.7686184367840918,audio_features,7gBIx2EA6bzSIMKFPw629x,spotify:track:7gBIx2EA6bzSIMKFPw629x,https://api.spotify.com/v1/tracks/7gBIx2EA6bzSIMKFPw629x,https://api.spotify.com/v1/audio-analysis/7gBIx2EA6bzSIMKFPw629x,96376,4
7BbhFrLzCP7DdnV69vVbCv,Hosanna - Lofi Flip,Leon D'souza,lofi,0.16916780354706684,0.337380990802001,4,-13.75,0,0.0314,0.647,0.00338,0.5,0.05826190734512314,0.03612998773555076,audio_features,7BbhFrLzCP7DdnV69vVbCv,spotify:track:7BbhFrLzCP7DdnV69vVbCv,https://api.spotify.com/v1/tracks/7BbhFrLzCP7DdnV69vVbCv,https://api.spotify.com/v1/audio-analysis/7BbhFrLzCP7DdnV69vVbCv,256120,4
5Y2FbfYRCaScEgpgdW9cB2,Lofi,Ponder,lofi,0.45566166439290584,0.3081329675649508,8,-12.733,0,0.0613,0.639,0.871,0.411,0.222089617012043,0.5331872912536735,audio_features,5Y2FbfYRCaScEgpgdW9cB2,spotify:track:5Y2FbfYRCaScEgpgdW9cB2,https://api.spotify.com/v1/tracks/5Y2FbfYRCaScEgpgdW9cB2,https://api.spotify.com/v1/audio-analysis/5Y2FbfYRCaScEgpgdW9cB2,144804,3
13KIV1iZ2LXabTE1v9GONW,O Re Piya - Lofi Mix,Salimâ€“Sulaiman,lofi,0.08731241473397,0.4120138776827497,11,-12.43,0,0.0326,0.785,0.541,0.0932,0.08430074861668656,0.19560639602600993,audio_features,13KIV1iZ2LXabTE1v9GONW,spotify:track:13KIV1iZ2LXabTE1v9GONW,https://api.spotify.com/v1/tracks/13KIV1iZ2LXabTE1v9GONW,https://api.spotify.com/v1/audio-analysis/13KIV1iZ2LXabTE1v9GONW,225000,4
7wNVHDo2amyrOIAAY3Hgoi,Lofi,Acey,lofi,0.7312414733969985,0.27081652412457646,5,-15.857,0,0.257,0.962,0.945,0.127,0.4553542367364652,0.4677383275610716,audio_features,7wNVHDo2amyrOIAAY3Hgoi,spotify:track:7wNVHDo2amyrOIAAY3Hgoi,https://api.spotify.com/v1/tracks/7wNVHDo2amyrOIAAY3Hgoi,https://api.spotify.com/v1/audio-analysis/7wNVHDo2amyrOIAAY3Hgoi,117257,4
0q1EaeaqfLBLqRvlkSbYi9,Kyon - Lofi Flip,Papon,lofi,0.5334242837653478,0.4190737453606584,2,-11.27,1,0.0358,0.403,0.129,0.133,0.14288814147770423,0.22215622902894872,audio_features,0q1EaeaqfLBLqRvlkSbYi9,spotify:track:0q1EaeaqfLBLqRvlkSbYi9,https://api.spotify.com/v1/tracks/0q1EaeaqfLBLqRvlkSbYi9,https://api.spotify.com/v1/audio-analysis/0q1EaeaqfLBLqRvlkSbYi9,97822,4
01Wh4PA13qB3IfIZYEgGox,Lofi,Sad Music,lofi,0.7489768076398362,0.32225270292076813,8,-15.006,1,0.122,0.213,0.708,0.303,0.6766843875447544,0.7524663884667895,audio_features,01Wh4PA13qB3IfIZYEgGox,spotify:track:01Wh4PA13qB3IfIZYEgGox,https://api.spotify.com/v1/tracks/01Wh4PA13qB3IfIZYEgGox,https://api.spotify.com/v1/audio-analysis/01Wh4PA13qB3IfIZYEgGox,45714,4
2DElbo4VXfqtYzr1S2z18y,Chashni Lofi Mix,Abhijeet Srivastava,lofi,0.8226466575716234,0.48160400193642083,6,-6.895,1,0.0319,0.172,6.58e-06,0.0637,0.48573288488662253,0.40542875434848014,audio_features,2DElbo4VXfqtYzr1S2z18y,spotify:track:2DElbo4VXfqtYzr1S2z18y,https://api.spotify.com/v1/tracks/2DElbo4VXfqtYzr1S2z18y,https://api.spotify.com/v1/audio-analysis/2DElbo4VXfqtYzr1S2z18y,263093,4
4kCxHdabBmA2gjyKSeFbsX,Lofi,dj Reina HD,lofi,0.8581173260572987,0.4684928191060191,10,-12.413,1,0.0336,0.0257,0.783,0.107,0.422805685147011,0.1514543785626683,audio_features,4kCxHdabBmA2gjyKSeFbsX,spotify:track:4kCxHdabBmA2gjyKSeFbsX,https://api.spotify.com/v1/tracks/4kCxHdabBmA2gjyKSeFbsX,https://api.spotify.com/v1/audio-analysis/4kCxHdabBmA2gjyKSeFbsX,129715,4
1tEto4JrqNmBZFH5uAiYqb,Sadi Gali,Lehmber Hussainpuri,sad,0.7298772169167802,0.9989914474745843,5,-2.433,0,0.0543,0.021,0.0108,0.222,0.7895193663881959,0.4598859946159839,audio_features,1tEto4JrqNmBZFH5uAiYqb,spotify:track:1tEto4JrqNmBZFH5uAiYqb,https://api.spotify.com/v1/tracks/1tEto4JrqNmBZFH5uAiYqb,https://api.spotify.com/v1/audio-analysis/1tEto4JrqNmBZFH5uAiYqb,264900,4
2lX53kXvYnvpV8Vqfe4S7s,Sadqay,Aashir Wajahat,sad,0.7585266030013642,0.5360658383088591,4,-8.151,0,0.0454,0.119,0.611,0.111,0.46403385049365303,0.2367038714006927,audio_features,2lX53kXvYnvpV8Vqfe4S7s,spotify:track:2lX53kXvYnvpV8Vqfe4S7s,https://api.spotify.com/v1/tracks/2lX53kXvYnvpV8Vqfe4S7s,https://api.spotify.com/v1/audio-analysis/2lX53kXvYnvpV8Vqfe4S7s,154455,4
5ULIvl0zduD2l9g6hdXnDo,Ehsaas,Sheera Jasvir,sad,0.5075034106412004,0.7367677908665483,7,-5.497,0,0.0801,0.247,1.51e-05,0.322,0.38700227839861123,0.03521979590105129,audio_features,5ULIvl0zduD2l9g6hdXnDo,spotify:track:5ULIvl0zduD2l9g6hdXnDo,https://api.spotify.com/v1/tracks/5ULIvl0zduD2l9g6hdXnDo,https://api.spotify.com/v1/audio-analysis/5ULIvl0zduD2l9g6hdXnDo,306500,4
4KOxInngzPVaH53HDSJ9A9,Sadiya,Pawan Singh,sad,0.7257844474761255,0.9979828949491688,2,-1.416,1,0.0949,0.231,0.0,0.24,0.7786698491917111,0.4522804933548281,audio_features,4KOxInngzPVaH53HDSJ9A9,spotify:track:4KOxInngzPVaH53HDSJ9A9,https://api.spotify.com/v1/tracks/4KOxInngzPVaH53HDSJ9A9,https://api.spotify.com/v1/audio-analysis/4KOxInngzPVaH53HDSJ9A9,184305,4
5trLYW0GIV2xESg4lbJrhY,Ek Raat,Vilen,sad,0.6166439290586629,0.5350572857834436,4,-5.424,0,0.0308,0.144,4.56e-06,0.0859,0.2752522512748183,0.15167806977623166,audio_features,5trLYW0GIV2xESg4lbJrhY,spotify:track:5trLYW0GIV2xESg4lbJrhY,https://api.spotify.com/v1/tracks/5trLYW0GIV2xESg4lbJrhY,https://api.spotify.com/v1/audio-analysis/5trLYW0GIV2xESg4lbJrhY,224064,4
0aVpOPirZUdeJon1ikS9M5,Mohabat,Sucha Yaar,sad,0.8281036834924966,0.45840729385186385,0,-5.851,0,0.0319,0.72,0.0,0.218,0.3826624715200174,0.38268167197611913,audio_features,0aVpOPirZUdeJon1ikS9M5,spotify:track:0aVpOPirZUdeJon1ikS9M5,https://api.spotify.com/v1/tracks/0aVpOPirZUdeJon1ikS9M5,https://api.spotify.com/v1/audio-analysis/0aVpOPirZUdeJon1ikS9M5,216000,4
65VPmzFHFqHWmUjyKjCfAt,Sadiya Bulukiya,Pawan Singh,sad,0.7025920873124145,0.9757947393900274,0,-1.36,0,0.143,0.115,0.0,0.689,0.6311164153195183,0.4601019723394244,audio_features,65VPmzFHFqHWmUjyKjCfAt,spotify:track:65VPmzFHFqHWmUjyKjCfAt,https://api.spotify.com/v1/tracks/65VPmzFHFqHWmUjyKjCfAt,https://api.spotify.com/v1/audio-analysis/65VPmzFHFqHWmUjyKjCfAt,190741,4
1YvDD9JGHnFaXBxiUuL8mX,Kde Kde,Harvi,sad,0.5757162346521145,0.6419638534774891,1,-6.074,1,0.0342,0.36,0.0,0.101,0.5128566778778345,0.03595257746272451,audio_features,1YvDD9JGHnFaXBxiUuL8mX,spotify:track:1YvDD9JGHnFaXBxiUuL8mX,https://api.spotify.com/v1/tracks/1YvDD9JGHnFaXBxiUuL8mX,https://api.spotify.com/v1/audio-analysis/1YvDD9JGHnFaXBxiUuL8mX,200065,4
3ee8Jmje8o58CHK66QrVC2,SAD!,XXXTENTACION,sad,0.7489768076398362,0.6147329352912699,8,-4.88,1,0.145,0.258,0.00372,0.123,0.4575241401757622,0.03590629652198729,audio_features,3ee8Jmje8o58CHK66QrVC2,spotify:track:3ee8Jmje8o58CHK66QrVC2,https://api.spotify.com/v1/tracks/3ee8Jmje8o58CHK66QrVC2,https://api.spotify.com/v1/audio-analysis/3ee8Jmje8o58CHK66QrVC2,166606,4
3BJe4B8zGnqEdQPMvfVjuS,Summertime Sadness,Lana Del Rey,sad,0.510231923601637,0.6560835888333064,1,-6.826,0,0.0335,0.0542,1.8e-06,0.122,0.19930563089942493,0.32088118911163743,audio_features,3BJe4B8zGnqEdQPMvfVjuS,spotify:track:3BJe4B8zGnqEdQPMvfVjuS,https://api.spotify.com/v1/tracks/3BJe4B8zGnqEdQPMvfVjuS,https://api.spotify.com/v1/audio-analysis/3BJe4B8zGnqEdQPMvfVjuS,265427,4
79OpcqzQvmqmy92saiWA4R,"Roke Na Ruke Naina (From ""Badrinath Ki Dulhania"")",Arijit Singh,sad,0.42564802182810363,0.3807487493948685,9,-9.31,1,0.0283,0.722,1.15e-05,0.154,0.22968427904958233,0.07937181336439303,audio_features,79OpcqzQvmqmy92saiWA4R,spotify:track:79OpcqzQvmqmy92saiWA4R,https://api.spotify.com/v1/tracks/79OpcqzQvmqmy92saiWA4R,https://api.spotify.com/v1/audio-analysis/79OpcqzQvmqmy92saiWA4R,278402,4
7sB18S2Ae8Aye4n9s9LZNj,Sada Siva,Mani Sharma,sad,0.7271487039563436,0.6540664837824753,9,-6.048,0,0.0633,0.219,0.0,0.0876,0.963111641531952,0.07430405035366361,audio_features,7sB18S2Ae8Aye4n9s9LZNj,spotify:track:7sB18S2Ae8Aye4n9s9LZNj,https://api.spotify.com/v1/tracks/7sB18S2Ae8Aye4n9s9LZNj,https://api.spotify.com/v1/audio-analysis/7sB18S2Ae8Aye4n9s9LZNj,267600,4
12TxeF1dTrc2bxQcEl9NyA,Aadat,Ninja,sad,0.18417462482946795,0.639946748426658,11,-7.02,0,0.211,0.209,0.0,0.0931,0.2557231203211457,0.04949746611849459,audio_features,12TxeF1dTrc2bxQcEl9NyA,spotify:track:12TxeF1dTrc2bxQcEl9NyA,https://api.spotify.com/v1/tracks/12TxeF1dTrc2bxQcEl9NyA,https://api.spotify.com/v1/audio-analysis/12TxeF1dTrc2bxQcEl9NyA,247954,4
09gysnJpfQ3ublBmJDfcEC,SAD GIRLZ LUV MONEY Remix (feat. Kali Uchis and Moliy),Amaarae,sad,0.9263301500682128,0.5239632080038729,1,-8.052,0,0.0602,0.433,2.07e-05,0.113,0.29044157534989695,0.3058553103522751,audio_features,09gysnJpfQ3ublBmJDfcEC,spotify:track:09gysnJpfQ3ublBmJDfcEC,https://api.spotify.com/v1/tracks/09gysnJpfQ3ublBmJDfcEC,https://api.spotify.com/v1/audio-analysis/09gysnJpfQ3ublBmJDfcEC,204764,4
2MsGTWvf7dcjKbI0WTq6Pz,Judaai,Sachin-Jigar,sad,0.1473396998635743,0.4362191382927223,3,-7.013,1,0.101,0.738,5.8e-05,0.112,0.23619398936747316,0.0442908602855534,audio_features,2MsGTWvf7dcjKbI0WTq6Pz,spotify:track:2MsGTWvf7dcjKbI0WTq6Pz,https://api.spotify.com/v1/tracks/2MsGTWvf7dcjKbI0WTq6Pz,https://api.spotify.com/v1/audio-analysis/2MsGTWvf7dcjKbI0WTq6Pz,272772,4
4ITtnvLQ6SOA8XhiqkLa24,Gulabi Sadi,Sanju Rathod,sad,0.8281036834924966,0.5532112312409231,0,-6.355,1,0.0768,0.393,0.0,0.0943,0.7038081805359662,0.4442970310776517,audio_features,4ITtnvLQ6SOA8XhiqkLa24,spotify:track:4ITtnvLQ6SOA8XhiqkLa24,https://api.spotify.com/v1/tracks/4ITtnvLQ6SOA8XhiqkLa24,https://api.spotify.com/v1/audio-analysis/4ITtnvLQ6SOA8XhiqkLa24,223348,4
4dPeCbg2Op44s9kwyMS3ZT,Sadka,Vishal-Shekhar,sad,0.6643929058663027,0.5481684686138454,7,-6.89,1,0.0286,0.232,0.000176,0.0785,0.5725290224585007,0.5671266477943275,audio_features,4dPeCbg2Op44s9kwyMS3ZT,spotify:track:4dPeCbg2Op44s9kwyMS3ZT,https://api.spotify.com/v1/tracks/4dPeCbg2Op44s9kwyMS3ZT,https://api.spotify.com/v1/audio-analysis/4dPeCbg2Op44s9kwyMS3ZT,343587,4
7k3jpyYPnVnbO0p7iejWxL,Saadda Haq,Mohit Chauhan,sad,0.49522510231923605,0.8860335646280458,6,-5.018,0,0.0488,0.091,2.8e-06,0.368,0.6246067050016275,0.2051017023672701,audio_features,7k3jpyYPnVnbO0p7iejWxL,spotify:track:7k3jpyYPnVnbO0p7iejWxL,https://api.spotify.com/v1/tracks/7k3jpyYPnVnbO0p7iejWxL,https://api.spotify.com/v1/audio-analysis/7k3jpyYPnVnbO0p7iejWxL,362662,4
2vhQo1YVhZVFTohJIlHg3v,Sada Nannu,Mickey J. Meyer,sad,0.4706684856753069,0.48462965951266745,9,-9.691,1,0.0402,0.76,0.00913,0.0686,0.4401649126613866,0.7990558688089602,audio_features,2vhQo1YVhZVFTohJIlHg3v,spotify:track:2vhQo1YVhZVFTohJIlHg3v,https://api.spotify.com/v1/tracks/2vhQo1YVhZVFTohJIlHg3v,https://api.spotify.com/v1/audio-analysis/2vhQo1YVhZVFTohJIlHg3v,197589,4
4VsP4Dm8gsibRxB5I2hEkw,Kahani Suno 2.0,Kaifi Khalil,sad,0.5266030013642564,0.37873164434403744,11,-13.235,1,0.0374,0.909,0.000586,0.0986,0.22642942389063686,0.5339046458351011,audio_features,4VsP4Dm8gsibRxB5I2hEkw,spotify:track:4VsP4Dm8gsibRxB5I2hEkw,https://api.spotify.com/v1/tracks/4VsP4Dm8gsibRxB5I2hEkw,https://api.spotify.com/v1/audio-analysis/4VsP4Dm8gsibRxB5I2hEkw,173638,3
3HqsyASz8AmUqqRzZBU1af,Sadhana,John Rai,sad,0.32196452933151426,0.15281587865096014,6,-13.837,1,0.0359,0.946,0.000396,0.111,0.3197352717804057,0.2903743356756632,audio_features,3HqsyASz8AmUqqRzZBU1af,spotify:track:3HqsyASz8AmUqqRzZBU1af,https://api.spotify.com/v1/tracks/3HqsyASz8AmUqqRzZBU1af,https://api.spotify.com/v1/audio-analysis/3HqsyASz8AmUqqRzZBU1af,121857,4
2XXea7eZyOyQWHHs4s7yI2,Ek Tarfa - Reprise,Darshan Raval,sad,0.17598908594815826,0.4533645312247862,1,-9.537,0,0.0329,0.889,2.6e-06,0.1,0.4260605403059564,0.01585893569263286,audio_features,2XXea7eZyOyQWHHs4s7yI2,spotify:track:2XXea7eZyOyQWHHs4s7yI2,https://api.spotify.com/v1/tracks/2XXea7eZyOyQWHHs4s7yI2,https://api.spotify.com/v1/audio-analysis/2XXea7eZyOyQWHHs4s7yI2,241600,4
11MyiSGZSYSmhhqwGUTtAq,Sad Girl,Lana Del Rey,sad,0.2100954979536152,0.5885105696304663,5,-8.346,1,0.0364,0.539,0.0731,0.119,0.2242595204513399,0.3788172134245582,audio_features,11MyiSGZSYSmhhqwGUTtAq,spotify:track:11MyiSGZSYSmhhqwGUTtAq,https://api.spotify.com/v1/tracks/11MyiSGZSYSmhhqwGUTtAq,https://api.spotify.com/v1/audio-analysis/11MyiSGZSYSmhhqwGUTtAq,317760,4
0l3skVMcq5PP1ky7afSp9Q,Swaad 2,Mand,sad,0.6030013642564802,0.5068178150718089,1,-11.452,0,0.113,0.343,0.0,0.147,0.7081479874145601,0.08937621005376306,audio_features,0l3skVMcq5PP1ky7afSp9Q,spotify:track:0l3skVMcq5PP1ky7afSp9Q,https://api.spotify.com/v1/tracks/0l3skVMcq5PP1ky7afSp9Q,https://api.spotify.com/v1/audio-analysis/0l3skVMcq5PP1ky7afSp9Q,167703,4
3WALn4IKUl7FlXjBg228nj,Sadda Dil Vi Tu (Ga Ga Ga Ganpati),Sachin-Jigar,sad,0.669849931787176,0.7065112151040825,0,-9.445,1,0.227,0.163,0.0,0.297,0.6148421395247912,0.5369900418842515,audio_features,3WALn4IKUl7FlXjBg228nj,spotify:track:3WALn4IKUl7FlXjBg228nj,https://api.spotify.com/v1/tracks/3WALn4IKUl7FlXjBg228nj,https://api.spotify.com/v1/audio-analysis/3WALn4IKUl7FlXjBg228nj,327040,4
6E9UwSfT80age2xknoMS7Y,"Tum Hi Aana (From ""Marjaavaan"")",Payal Dev,sad,0.3847203274215552,0.400919799903179,4,-7.018,0,0.0241,0.629,1.17e-05,0.154,0.3186503200607573,0.15201746334163813,audio_features,6E9UwSfT80age2xknoMS7Y,spotify:track:6E9UwSfT80age2xknoMS7Y,https://api.spotify.com/v1/tracks/6E9UwSfT80age2xknoMS7Y,https://api.spotify.com/v1/audio-analysis/6E9UwSfT80age2xknoMS7Y,249127,4
2tE3OmSOuHZMYpJgVvgLbf,Sade Jehe,R Nait,sad,0.7762619372442019,0.7670243666290141,2,-5.053,0,0.0413,0.227,0.0,0.149,0.6777693392644029,0.24339918082734902,audio_features,2tE3OmSOuHZMYpJgVvgLbf,spotify:track:2tE3OmSOuHZMYpJgVvgLbf,https://api.spotify.com/v1/tracks/2tE3OmSOuHZMYpJgVvgLbf,https://api.spotify.com/v1/audio-analysis/2tE3OmSOuHZMYpJgVvgLbf,234118,4
3LlkD3AvhsR2UMVavf5cL8,"Maroon Color Sadiya - From ""Fasal""",Neelkamal Singh,sad,0.34788540245566163,0.8870421171534614,8,-3.296,0,0.209,0.602,2.14e-06,0.317,0.9891504828035153,0.9716760642687998,audio_features,3LlkD3AvhsR2UMVavf5cL8,spotify:track:3LlkD3AvhsR2UMVavf5cL8,https://api.spotify.com/v1/tracks/3LlkD3AvhsR2UMVavf5cL8,https://api.spotify.com/v1/audio-analysis/3LlkD3AvhsR2UMVavf5cL8,206315,4
2qJ8o4JP7O5PaXhDPXxukq,Sadha Ninna Kannali,Sonu Nigam,sad,0.7517053206002728,0.5673309665967403,11,-7.319,1,0.0508,0.593,1.26e-05,0.153,0.6723445806661604,0.39051086445083816,audio_features,2qJ8o4JP7O5PaXhDPXxukq,spotify:track:2qJ8o4JP7O5PaXhDPXxukq,https://api.spotify.com/v1/tracks/2qJ8o4JP7O5PaXhDPXxukq,https://api.spotify.com/v1/audio-analysis/2qJ8o4JP7O5PaXhDPXxukq,277943,4
2Phw97ehqH41VeV29lHSOU,Sadma Ashiq,Jed,sad,0.990450204638472,0.6540664837824753,1,-4.916,1,0.137,0.065,0.0,0.0842,0.7634805251166324,0.2809793047060003,audio_features,2Phw97ehqH41VeV29lHSOU,spotify:track:2Phw97ehqH41VeV29lHSOU,https://api.spotify.com/v1/tracks/2Phw97ehqH41VeV29lHSOU,https://api.spotify.com/v1/audio-analysis/2Phw97ehqH41VeV29lHSOU,130247,4
4shmzSwbjpKUIlNhxzlVeC,Kadhal Sadugudu,S.P. Charan,sad,0.7762619372442019,0.2698079715991609,7,-17.96,0,0.0494,0.00555,4.78e-06,0.115,0.3490289682109146,0.13585770153421317,audio_features,4shmzSwbjpKUIlNhxzlVeC,spotify:track:4shmzSwbjpKUIlNhxzlVeC,https://api.spotify.com/v1/tracks/4shmzSwbjpKUIlNhxzlVeC,https://api.spotify.com/v1/audio-analysis/4shmzSwbjpKUIlNhxzlVeC,275587,4
71OoohX1NBG4ez6eijgaWE,Dil Tod Ke,Rochak Kohli,sad,0.39972714870395626,0.6601177989349686,10,-5.657,0,0.219,0.348,0.0,0.0995,0.6539004014321363,0.11292549539890318,audio_features,71OoohX1NBG4ez6eijgaWE,spotify:track:71OoohX1NBG4ez6eijgaWE,https://api.spotify.com/v1/tracks/71OoohX1NBG4ez6eijgaWE,https://api.spotify.com/v1/audio-analysis/71OoohX1NBG4ez6eijgaWE,239162,4
6cCSo8zu3bRck519ZqRGfk,Pehla Nasha,Udit Narayan,sad,0.364256480218281,0.33838954332741655,5,-14.309,1,0.0333,0.775,2.04e-05,0.0799,0.5182814364760769,0.6295596368488849,audio_features,6cCSo8zu3bRck519ZqRGfk,spotify:track:6cCSo8zu3bRck519ZqRGfk,https://api.spotify.com/v1/tracks/6cCSo8zu3bRck519ZqRGfk,https://api.spotify.com/v1/audio-analysis/6cCSo8zu3bRck519ZqRGfk,291400,4
3HiobOOpSpMsi95WBKPBYk,Hamari Adhuri Kahani (Title Track),Jeet Gannguli,sad,0.03956343792633016,0.36158625141197354,0,-7.571,1,0.0316,0.845,0.0,0.133,0.1591624172724314,0.016568576783937528,audio_features,3HiobOOpSpMsi95WBKPBYk,spotify:track:3HiobOOpSpMsi95WBKPBYk,https://api.spotify.com/v1/tracks/3HiobOOpSpMsi95WBKPBYk,https://api.spotify.com/v1/audio-analysis/3HiobOOpSpMsi95WBKPBYk,398799,4
75v90PN9FbhV1RC0ukWMWJ,Chhad Dila,Lehmber Hussainpuri,sad,0.8335607094133697,0.8406487009843472,0,-1.989,1,0.0301,0.379,0.0,0.2,0.7417814907236628,0.27427628178922125,audio_features,75v90PN9FbhV1RC0ukWMWJ,spotify:track:75v90PN9FbhV1RC0ukWMWJ,https://api.spotify.com/v1/tracks/75v90PN9FbhV1RC0ukWMWJ,https://api.spotify.com/v1/audio-analysis/75v90PN9FbhV1RC0ukWMWJ,258226,4
3YB09zhSWO8mmESr8NUV0n,Manasa,Haricharan,sad,0.9167803547066848,0.6268355655962562,9,-6.901,0,0.0417,0.328,4.93e-06,0.0831,0.9620266898123034,0.22865870120253318,audio_features,3YB09zhSWO8mmESr8NUV0n,spotify:track:3YB09zhSWO8mmESr8NUV0n,https://api.spotify.com/v1/tracks/3YB09zhSWO8mmESr8NUV0n,https://api.spotify.com/v1/audio-analysis/3YB09zhSWO8mmESr8NUV0n,349653,4
6riCsiX9csuomBYnenrtGd,Saadi Galli Aaja,Rochak Kohli,sad,0.7476125511596179,0.8396401484589316,2,-5.155,1,0.0325,0.195,3.64e-06,0.197,0.6788542909840514,0.2980723988182933,audio_features,6riCsiX9csuomBYnenrtGd,spotify:track:6riCsiX9csuomBYnenrtGd,https://api.spotify.com/v1/tracks/6riCsiX9csuomBYnenrtGd,https://api.spotify.com/v1/audio-analysis/6riCsiX9csuomBYnenrtGd,253417,4
5ISB4uH8BwngBcWEYYqCpe,"Vennilavae (From ""Minsara Kanavu"")",Hariharan,sad,0.2987721691678035,0.3081329675649508,6,-12.072,1,0.0362,0.421,0.0,0.187,0.5963979602907671,0.15878990766952317,audio_features,5ISB4uH8BwngBcWEYYqCpe,spotify:track:5ISB4uH8BwngBcWEYYqCpe,https://api.spotify.com/v1/tracks/5ISB4uH8BwngBcWEYYqCpe,https://api.spotify.com/v1/audio-analysis/5ISB4uH8BwngBcWEYYqCpe,351720,4
2ZWLHQCbPZqck2o2JVkmbC,Wafa Ne Bewafai,Arijit Singh,sad,0.276944065484311,0.5935533322575439,10,-6.398,1,0.203,0.847,0.0,0.125,0.37940761636107195,0.08276574901845835,audio_features,2ZWLHQCbPZqck2o2JVkmbC,spotify:track:2ZWLHQCbPZqck2o2JVkmbC,https://api.spotify.com/v1/tracks/2ZWLHQCbPZqck2o2JVkmbC,https://api.spotify.com/v1/audio-analysis/2ZWLHQCbPZqck2o2JVkmbC,320041,4
57h06SZNL6LJ3YKZ1UGCeu,Sadeness,Enigma,sad,0.5416098226466575,0.6459980635791512,7,-9.547,1,0.0338,0.0928,0.0472,0.092,0.4759683194097863,0.19498931681617993,audio_features,57h06SZNL6LJ3YKZ1UGCeu,spotify:track:57h06SZNL6LJ3YKZ1UGCeu,https://api.spotify.com/v1/tracks/57h06SZNL6LJ3YKZ1UGCeu,https://api.spotify.com/v1/audio-analysis/57h06SZNL6LJ3YKZ1UGCeu,255533,4
55OfBElVAZDNBt1oCSungN,Promises,Saabi Bhinder,sad,0.6643929058663027,0.5834678070033886,11,-6.983,0,0.0373,0.416,1.18e-05,0.109,0.12010415536508627,0.0662357396851353,audio_features,55OfBElVAZDNBt1oCSungN,spotify:track:55OfBElVAZDNBt1oCSungN,https://api.spotify.com/v1/tracks/55OfBElVAZDNBt1oCSungN,https://api.spotify.com/v1/audio-analysis/55OfBElVAZDNBt1oCSungN,184816,4
3eeUvZTgP5uJfOMqI3sUVq,Akkam Pakkam,Sadhana Sargam,sad,0.7939972714870396,0.6298612231725028,11,-6.737,0,0.0425,0.108,0.00119,0.246,0.5822935879353369,0.38252740217366143,audio_features,3eeUvZTgP5uJfOMqI3sUVq,spotify:track:3eeUvZTgP5uJfOMqI3sUVq,https://api.spotify.com/v1/tracks/3eeUvZTgP5uJfOMqI3sUVq,https://api.spotify.com/v1/audio-analysis/3eeUvZTgP5uJfOMqI3sUVq,316000,4
5R6T1zVAE6cpBorNs8MVGU,Saat Samundar Paar Happy,Sadhana Sargam,sad,0.3042291950886766,0.8083750201710506,8,-7.424,0,0.0762,0.356,0.000665,0.209,0.8350873386134318,0.48535593900172014,audio_features,5R6T1zVAE6cpBorNs8MVGU,spotify:track:5R6T1zVAE6cpBorNs8MVGU,https://api.spotify.com/v1/tracks/5R6T1zVAE6cpBorNs8MVGU,https://api.spotify.com/v1/audio-analysis/5R6T1zVAE6cpBorNs8MVGU,397201,4
5bdX7jiXtSbHX35pgxJo8p,O Khuda,Amaal Mallik,sad,0.2278308321964529,0.4795868968855898,4,-5.879,0,0.0286,0.511,9.72e-06,0.435,0.3056308994249756,0.3941516317888355,audio_features,5bdX7jiXtSbHX35pgxJo8p,spotify:track:5bdX7jiXtSbHX35pgxJo8p,https://api.spotify.com/v1/tracks/5bdX7jiXtSbHX35pgxJo8p,https://api.spotify.com/v1/audio-analysis/5bdX7jiXtSbHX35pgxJo8p,307451,4
7Czm0vv2sYL5z4P51KY66e,Maahi Ve,Shankar-Ehsaan-Loy,sad,0.8512960436562071,0.8366144908826851,7,-6.117,0,0.0769,0.0297,2e-05,0.33,0.555169794944125,0.22848129092970704,audio_features,7Czm0vv2sYL5z4P51KY66e,spotify:track:7Czm0vv2sYL5z4P51KY66e,https://api.spotify.com/v1/tracks/7Czm0vv2sYL5z4P51KY66e,https://api.spotify.com/v1/audio-analysis/7Czm0vv2sYL5z4P51KY66e,366853,4
7HDMkYCXCdlQ14RkIdgEi4,Sadiya Sitar Wali,Pramod Premi Yadav,sad,0.6480218281036834,0.9747861868646118,5,-1.372,0,0.0839,0.0231,0.0,0.372,0.712487794293154,0.40666291276814026,audio_features,7HDMkYCXCdlQ14RkIdgEi4,spotify:track:7HDMkYCXCdlQ14RkIdgEi4,https://api.spotify.com/v1/tracks/7HDMkYCXCdlQ14RkIdgEi4,https://api.spotify.com/v1/audio-analysis/7HDMkYCXCdlQ14RkIdgEi4,204877,4
4XL3S4cP3jqdBotKjxulS5,"Na Kajare Ki Dhar (From ""Mohra"")",Sadhana Sargam,sad,0.43519781718963163,0.6853316120703566,0,-8.428,0,0.0404,0.667,1.06e-06,0.362,0.6734295323858089,0.5778406855750022,audio_features,4XL3S4cP3jqdBotKjxulS5,spotify:track:4XL3S4cP3jqdBotKjxulS5,https://api.spotify.com/v1/tracks/4XL3S4cP3jqdBotKjxulS5,https://api.spotify.com/v1/audio-analysis/4XL3S4cP3jqdBotKjxulS5,324253,4
1lqdPJz24AiFWeo3arwPXR,Yaaro Yaaro,Harris Jayaraj,sad,0.6971350613915415,0.4402533483943844,4,-10.756,0,0.0913,0.677,1.2e-06,0.0855,0.43040034718455034,0.5916632598751959,audio_features,1lqdPJz24AiFWeo3arwPXR,spotify:track:1lqdPJz24AiFWeo3arwPXR,https://api.spotify.com/v1/tracks/1lqdPJz24AiFWeo3arwPXR,https://api.spotify.com/v1/audio-analysis/1lqdPJz24AiFWeo3arwPXR,335787,4
3GCvRY92yUzSRQ3V9mVElL,Tumhein Apna Banane Ki Kasam Khai Hai,Kumar Sanu,sad,0.5129604365620735,0.5431257059867678,0,-10.829,0,0.0367,0.773,0.00628,0.516,0.7743300423131172,0.26749612397121325,audio_features,3GCvRY92yUzSRQ3V9mVElL,spotify:track:3GCvRY92yUzSRQ3V9mVElL,https://api.spotify.com/v1/tracks/3GCvRY92yUzSRQ3V9mVElL,https://api.spotify.com/v1/audio-analysis/3GCvRY92yUzSRQ3V9mVElL,339867,4
4AwUc1mdlX4ARHkUNG0iho,SAD SONG,P1Harmony,sad,0.5798090040927693,0.9525980313054703,10,-1.443,0,0.0949,0.191,0.0,0.123,0.9316480416621462,0.07426548290304913,audio_features,4AwUc1mdlX4ARHkUNG0iho,spotify:track:4AwUc1mdlX4ARHkUNG0iho,https://api.spotify.com/v1/tracks/4AwUc1mdlX4ARHkUNG0iho,https://api.spotify.com/v1/audio-analysis/4AwUc1mdlX4ARHkUNG0iho,174680,4
2pW5kNCx133MWWirxegvng,Happy Birthday To You - Classic Version,Happy Birthday Songs,happy,0.839017735334243,0.4079796675810876,2,-5.664,1,0.0528,0.0875,2.26e-05,0.146,0.6322013670391669,0.230779910986324,audio_features,2pW5kNCx133MWWirxegvng,spotify:track:2pW5kNCx133MWWirxegvng,https://api.spotify.com/v1/tracks/2pW5kNCx133MWWirxegvng,https://api.spotify.com/v1/audio-analysis/2pW5kNCx133MWWirxegvng,33216,3
7yCF65vpc7sUwPjftI0iFb,Happy Nation,Ace of Base,happy,0.65075034106412,0.8678796191705663,1,-5.129,1,0.0367,0.00121,0.0043,0.0785,0.6734295323858089,0.198090139845576,audio_features,7yCF65vpc7sUwPjftI0iFb,spotify:track:7yCF65vpc7sUwPjftI0iFb,https://api.spotify.com/v1/tracks/7yCF65vpc7sUwPjftI0iFb,https://api.spotify.com/v1/audio-analysis/7yCF65vpc7sUwPjftI0iFb,255413,4
5H0Yfo3acNXU278LqN47pA,Happy B'Day,D Soldierz,happy,0.7257844474761255,0.8033322575439729,10,-7.022,0,0.265,0.0276,0.0,0.189,0.6972984702180753,0.03496525072699641,audio_features,5H0Yfo3acNXU278LqN47pA,spotify:track:5H0Yfo3acNXU278LqN47pA,https://api.spotify.com/v1/tracks/5H0Yfo3acNXU278LqN47pA,https://api.spotify.com/v1/audio-analysis/5H0Yfo3acNXU278LqN47pA,185133,4
3QbdShNwcXqKIk1xvGp8P8,Happy Hour,Talha Anjum,happy,0.8362892223738063,0.48967242213974504,11,-8.325,1,0.35,0.28,1.02e-05,0.0661,0.5378105674297495,0.15150837299352848,audio_features,3QbdShNwcXqKIk1xvGp8P8,spotify:track:3QbdShNwcXqKIk1xvGp8P8,https://api.spotify.com/v1/tracks/3QbdShNwcXqKIk1xvGp8P8,https://api.spotify.com/v1/audio-analysis/3QbdShNwcXqKIk1xvGp8P8,195000,4
3n6tB0RkaxQkgWtF1LmsU9,Happy New Year,Vidyasagar,happy,0.810368349249659,0.9404954010004841,11,-2.792,0,0.392,0.285,0.0,0.133,0.7526310079201476,0.7642911688251584,audio_features,3n6tB0RkaxQkgWtF1LmsU9,spotify:track:3n6tB0RkaxQkgWtF1LmsU9,https://api.spotify.com/v1/tracks/3n6tB0RkaxQkgWtF1LmsU9,https://api.spotify.com/v1/audio-analysis/3n6tB0RkaxQkgWtF1LmsU9,243067,3
6n4LpWn6gFvczitm1QMi3R,Happy Birthday To You Ji,Mimi Teddy,happy,0.8485675306957707,0.530014523156366,11,-5.295,1,0.256,0.737,0.00524,0.203,0.8654659867635891,0.052096912289903874,audio_features,6n4LpWn6gFvczitm1QMi3R,spotify:track:6n4LpWn6gFvczitm1QMi3R,https://api.spotify.com/v1/tracks/6n4LpWn6gFvczitm1QMi3R,https://api.spotify.com/v1/audio-analysis/6n4LpWn6gFvczitm1QMi3R,164026,4
0cx3DUvLuL7iTJ6aUzAZNx,Happy,All Ok,happy,0.48703956343792637,0.6056559625625302,4,-7.511,1,0.124,0.436,0.0,0.165,0.5974829120104156,0.635283046520059,audio_features,0cx3DUvLuL7iTJ6aUzAZNx,spotify:track:0cx3DUvLuL7iTJ6aUzAZNx,https://api.spotify.com/v1/tracks/0cx3DUvLuL7iTJ6aUzAZNx,https://api.spotify.com/v1/audio-analysis/0cx3DUvLuL7iTJ6aUzAZNx,221961,4
68UJW1jJ3cK0FjWKaMGDBk,Baar Baar Din Ye Aaye-Happy Birthday To You - Jhankar Beats,Mohammed Rafi,happy,0.8035470668485676,0.8497256737130869,4,-5.118,0,0.0443,0.0822,1.33e-06,0.23,0.8958446349137464,0.48332729109940376,audio_features,68UJW1jJ3cK0FjWKaMGDBk,spotify:track:68UJW1jJ3cK0FjWKaMGDBk,https://api.spotify.com/v1/tracks/68UJW1jJ3cK0FjWKaMGDBk,https://api.spotify.com/v1/audio-analysis/68UJW1jJ3cK0FjWKaMGDBk,203900,4
2IarWd16hKAvXU8vnEunVb,Mileya Mileya,Rekha Bhardwaj,happy,0.7380627557980899,0.46647571405518806,0,-8.403,1,0.0383,0.239,0.025,0.149,0.4260605403059564,0.42142653286332465,audio_features,2IarWd16hKAvXU8vnEunVb,spotify:track:2IarWd16hKAvXU8vnEunVb,https://api.spotify.com/v1/tracks/2IarWd16hKAvXU8vnEunVb,https://api.spotify.com/v1/audio-analysis/2IarWd16hKAvXU8vnEunVb,266279,4
2vKNjcvzG4OIBdtZPLbSLh,Birthday,Jordan Sandhu,happy,0.5470668485675305,0.8698967242213974,3,-2.95,0,0.105,0.35,8.57e-06,0.0583,0.6495605945535424,0.7496972455126771,audio_features,2vKNjcvzG4OIBdtZPLbSLh,spotify:track:2vKNjcvzG4OIBdtZPLbSLh,https://api.spotify.com/v1/tracks/2vKNjcvzG4OIBdtZPLbSLh,https://api.spotify.com/v1/audio-analysis/2vKNjcvzG4OIBdtZPLbSLh,228922,4
60nZcImufyMA1MKQY3dcCH,"Happy - From ""Despicable Me 2""",Pharrell Williams,happy,0.622100954979536,0.8255204131031143,5,-4.662,0,0.183,0.219,0.0,0.0908,0.9880655310838667,0.6915221030059471,audio_features,60nZcImufyMA1MKQY3dcCH,spotify:track:60nZcImufyMA1MKQY3dcCH,https://api.spotify.com/v1/tracks/60nZcImufyMA1MKQY3dcCH,https://api.spotify.com/v1/audio-analysis/60nZcImufyMA1MKQY3dcCH,232720,4
5EOKcXIGehKOLu1pRePYc4,Happy Hour,Mika Singh,happy,0.5866302864938608,0.5471599160884298,7,-7.659,1,0.275,0.38,0.003,0.336,0.6647499186286211,0.18534745416258502,audio_features,5EOKcXIGehKOLu1pRePYc4,spotify:track:5EOKcXIGehKOLu1pRePYc4,https://api.spotify.com/v1/tracks/5EOKcXIGehKOLu1pRePYc4,https://api.spotify.com/v1/audio-analysis/5EOKcXIGehKOLu1pRePYc4,224049,4
4p7DTkyrKqT98xlIwYYfXz,Running Wild,Jin,happy,0.4038199181446111,0.7135710827819912,8,-4.22,1,0.0322,0.000175,0.0,0.152,0.2882716719106,0.5904908093765187,audio_features,4p7DTkyrKqT98xlIwYYfXz,spotify:track:4p7DTkyrKqT98xlIwYYfXz,https://api.spotify.com/v1/tracks/4p7DTkyrKqT98xlIwYYfXz,https://api.spotify.com/v1/audio-analysis/4p7DTkyrKqT98xlIwYYfXz,151647,4
583K4ns9YqEdw9mWWEeGrH,Happy Diwali,Vaishali,happy,0.3437926330150068,0.5158947878005486,8,-8.013,1,0.194,0.0938,5.03e-06,0.102,0.7038081805359662,0.03580602115039,audio_features,583K4ns9YqEdw9mWWEeGrH,spotify:track:583K4ns9YqEdw9mWWEeGrH,https://api.spotify.com/v1/tracks/583K4ns9YqEdw9mWWEeGrH,https://api.spotify.com/v1/audio-analysis/583K4ns9YqEdw9mWWEeGrH,276560,4
6GuUpRsSJAhdkwWGoW9Kfx,Nilapakshi Happy Version,Sushin Shyam,happy,0.5511596180081855,0.5985960948846215,4,-11.635,0,0.0402,0.583,0.102,0.0635,0.2850168167516546,0.22079865476732252,audio_features,6GuUpRsSJAhdkwWGoW9Kfx,spotify:track:6GuUpRsSJAhdkwWGoW9Kfx,https://api.spotify.com/v1/tracks/6GuUpRsSJAhdkwWGoW9Kfx,https://api.spotify.com/v1/audio-analysis/6GuUpRsSJAhdkwWGoW9Kfx,228484,4
4mH1S8snQlMv2NWpeM2I06,Happy Birthday Yaara,Himmat Sandhu,happy,0.7517053206002728,0.7488704211715346,11,-3.492,0,0.164,0.196,0.0,0.158,0.80796354562222,0.1666036731639965,audio_features,4mH1S8snQlMv2NWpeM2I06,spotify:track:4mH1S8snQlMv2NWpeM2I06,https://api.spotify.com/v1/tracks/4mH1S8snQlMv2NWpeM2I06,https://api.spotify.com/v1/audio-analysis/4mH1S8snQlMv2NWpeM2I06,198610,4
5aMLcPDGL28ZwP4N5Fztry,Happy,Yuvan Shankar Raja,happy,0.8744884038199181,0.8376230434081007,4,-5.879,0,0.0928,0.0177,0.0,0.0683,0.9066941521102312,0.21364824942341665,audio_features,5aMLcPDGL28ZwP4N5Fztry,spotify:track:5aMLcPDGL28ZwP4N5Fztry,https://api.spotify.com/v1/tracks/5aMLcPDGL28ZwP4N5Fztry,https://api.spotify.com/v1/audio-analysis/5aMLcPDGL28ZwP4N5Fztry,219027,4
3H43T5swYywvcdCBFiDgW6,Manwa Laage,Shreya Ghoshal,happy,0.6616643929058663,0.6732289817653704,0,-6.271,1,0.0526,0.568,0.0,0.0885,0.5649343604209613,0.08236464753206885,audio_features,3H43T5swYywvcdCBFiDgW6,spotify:track:3H43T5swYywvcdCBFiDgW6,https://api.spotify.com/v1/tracks/3H43T5swYywvcdCBFiDgW6,https://api.spotify.com/v1/audio-analysis/3H43T5swYywvcdCBFiDgW6,272083,4
2R5iTxkCln6NLTw6l0kjWw,Happy Birthday Song,CoComelon,happy,0.9208731241473396,0.38680006454736165,4,-11.011,1,0.0345,0.403,0.0,0.145,0.8014538353043291,0.18981356494373014,audio_features,2R5iTxkCln6NLTw6l0kjWw,spotify:track:2R5iTxkCln6NLTw6l0kjWw,https://api.spotify.com/v1/tracks/2R5iTxkCln6NLTw6l0kjWw,https://api.spotify.com/v1/audio-analysis/2R5iTxkCln6NLTw6l0kjWw,62229,3
1JO1xLtVc8mWhIoE3YaCL0,Happy Together,The Turtles,happy,0.5361527967257844,0.3666290140390512,6,-9.638,0,0.0328,0.55,1.38e-05,0.0818,0.5822935879353369,0.38418580255007984,audio_features,1JO1xLtVc8mWhIoE3YaCL0,spotify:track:1JO1xLtVc8mWhIoE3YaCL0,https://api.spotify.com/v1/tracks/1JO1xLtVc8mWhIoE3YaCL0,https://api.spotify.com/v1/audio-analysis/1JO1xLtVc8mWhIoE3YaCL0,176293,4
0jRWHFDoBe3jBT2gdsoEqe,Happy Birthday Remix,Shanky Goswami,happy,0.9549795361527966,0.8164434403743747,1,-0.802,1,0.0948,0.0505,0.0,0.0704,0.4748833676901378,0.290135217481854,audio_features,0jRWHFDoBe3jBT2gdsoEqe,spotify:track:0jRWHFDoBe3jBT2gdsoEqe,https://api.spotify.com/v1/tracks/0jRWHFDoBe3jBT2gdsoEqe,https://api.spotify.com/v1/audio-analysis/0jRWHFDoBe3jBT2gdsoEqe,227340,4
1b6qYBwDMBpFylGVT4PRgD,Heart on the Window (with WENDY),Jin,happy,0.5784447476125512,0.8688881716959819,11,-6.114,0,0.0522,0.0536,0.0,0.738,0.5085168709992406,0.5833789714832269,audio_features,1b6qYBwDMBpFylGVT4PRgD,spotify:track:1b6qYBwDMBpFylGVT4PRgD,https://api.spotify.com/v1/tracks/1b6qYBwDMBpFylGVT4PRgD,https://api.spotify.com/v1/audio-analysis/1b6qYBwDMBpFylGVT4PRgD,177093,4
17pZNA374fCWXSqe3JBxUF,Happy Birthday,Hiphop Tamizha,happy,0.7789904502046385,0.7892125221881555,10,-5.494,0,0.0325,0.00477,2.01e-05,0.353,0.6126722360854943,0.26746527001072185,audio_features,17pZNA374fCWXSqe3JBxUF,spotify:track:17pZNA374fCWXSqe3JBxUF,https://api.spotify.com/v1/tracks/17pZNA374fCWXSqe3JBxUF,https://api.spotify.com/v1/audio-analysis/17pZNA374fCWXSqe3JBxUF,187374,4
11bjmggAUphDSDOKzMCNiP,Happy Nation - 2015 Remastered,Ace of Base,happy,0.6521145975443383,0.870905276746813,1,-5.127,1,0.0369,0.00121,0.00465,0.0773,0.6571552565910818,0.198090139845576,audio_features,11bjmggAUphDSDOKzMCNiP,spotify:track:11bjmggAUphDSDOKzMCNiP,https://api.spotify.com/v1/tracks/11bjmggAUphDSDOKzMCNiP,https://api.spotify.com/v1/audio-analysis/11bjmggAUphDSDOKzMCNiP,255413,4
53kCb4RD3ttTHEcJKoYUZK,"Bhai Ka Birthday - From ""Antim - The Final Truth""",Sajid Khan,happy,0.3915416098226466,0.9152815878650961,1,-6.655,1,0.0451,0.0767,0.661,0.186,0.4759683194097863,0.34431477210493433,audio_features,53kCb4RD3ttTHEcJKoYUZK,spotify:track:53kCb4RD3ttTHEcJKoYUZK,https://api.spotify.com/v1/tracks/53kCb4RD3ttTHEcJKoYUZK,https://api.spotify.com/v1/audio-analysis/53kCb4RD3ttTHEcJKoYUZK,260171,4
4keoy2fqgwGnbWlm3ZVZFa,Happy Now,Zedd,happy,0.42564802182810363,0.743827658544457,4,-5.128,1,0.047,0.579,1.49e-06,0.0712,0.4412498643810351,0.13858827703771126,audio_features,4keoy2fqgwGnbWlm3ZVZFa,spotify:track:4keoy2fqgwGnbWlm3ZVZFa,https://api.spotify.com/v1/tracks/4keoy2fqgwGnbWlm3ZVZFa,https://api.spotify.com/v1/audio-analysis/4keoy2fqgwGnbWlm3ZVZFa,207030,3
3apqAIWsoZFPOnX5ovBwOK,I Wish U Happy Happy Birthday,Nakash Aziz,happy,0.6289222373806276,0.8628368565434887,6,-2.693,0,0.047,0.295,0.0,0.376,0.98589562764457,0.6759717069182292,audio_features,3apqAIWsoZFPOnX5ovBwOK,spotify:track:3apqAIWsoZFPOnX5ovBwOK,https://api.spotify.com/v1/tracks/3apqAIWsoZFPOnX5ovBwOK,https://api.spotify.com/v1/audio-analysis/3apqAIWsoZFPOnX5ovBwOK,108001,4
4xbq37lr4SuP3kuxj9y8gp,Another Level,Jin,happy,0.48703956343792637,0.578425044376311,4,-4.877,1,0.0284,0.159,0.0,0.0642,0.3219051752197027,0.07457402250796419,audio_features,4xbq37lr4SuP3kuxj9y8gp,spotify:track:4xbq37lr4SuP3kuxj9y8gp,https://api.spotify.com/v1/tracks/4xbq37lr4SuP3kuxj9y8gp,https://api.spotify.com/v1/audio-analysis/4xbq37lr4SuP3kuxj9y8gp,162834,4
2FZiKJgWcqwLJ2GYnYuUri,Birthday Bash,Yo Yo Honey Singh,happy,0.830832196452933,0.934444085847991,2,-6.396,1,0.0636,0.0148,3.16e-05,0.244,0.7472062493219053,0.46014825328016173,audio_features,2FZiKJgWcqwLJ2GYnYuUri,spotify:track:2FZiKJgWcqwLJ2GYnYuUri,https://api.spotify.com/v1/tracks/2FZiKJgWcqwLJ2GYnYuUri,https://api.spotify.com/v1/audio-analysis/2FZiKJgWcqwLJ2GYnYuUri,251539,4
3ZEno9fORwMA1HPecdLi0R,HAPPY,NF,happy,0.7380627557980899,0.8588026464418267,7,-4.064,1,0.0415,0.306,0.0,0.12,0.18411630682434632,0.27487793401880556,audio_features,3ZEno9fORwMA1HPecdLi0R,spotify:track:3ZEno9fORwMA1HPecdLi0R,https://api.spotify.com/v1/tracks/3ZEno9fORwMA1HPecdLi0R,https://api.spotify.com/v1/audio-analysis/3ZEno9fORwMA1HPecdLi0R,242691,4
7gRQifhsh5NX7nT84a3pxk,Birthday Gift,Sharry Mann,happy,0.5211459754433831,0.5885105696304663,4,-5.494,0,0.396,0.382,0.0,0.126,0.7233373114896388,0.15144666507254534,audio_features,7gRQifhsh5NX7nT84a3pxk,spotify:track:7gRQifhsh5NX7nT84a3pxk,https://api.spotify.com/v1/tracks/7gRQifhsh5NX7nT84a3pxk,https://api.spotify.com/v1/audio-analysis/7gRQifhsh5NX7nT84a3pxk,305450,4
48ZIrgOwD74LvIf3EvLTt9,Iâ€™ll Be There,Jin,happy,0.4733969986357435,0.7408020009682104,10,-2.412,1,0.0445,0.0351,0.0,0.0898,0.7428664424433113,0.6056555309580927,audio_features,48ZIrgOwD74LvIf3EvLTt9,spotify:track:48ZIrgOwD74LvIf3EvLTt9,https://api.spotify.com/v1/tracks/48ZIrgOwD74LvIf3EvLTt9,https://api.spotify.com/v1/audio-analysis/48ZIrgOwD74LvIf3EvLTt9,181678,4
0rUN8ascPVT9iiLzC5ocPw,Abhi Toh Party Shuru Hui Hai,Badshah,happy,0.839017735334243,0.8184605454252056,3,-5.373,0,0.0599,0.0081,2.35e-05,0.586,0.6799392427036998,0.45996312951721263,audio_features,0rUN8ascPVT9iiLzC5ocPw,spotify:track:0rUN8ascPVT9iiLzC5ocPw,https://api.spotify.com/v1/tracks/0rUN8ascPVT9iiLzC5ocPw,https://api.spotify.com/v1/audio-analysis/0rUN8ascPVT9iiLzC5ocPw,179912,4
3DeK5G7OhuJ1P1462XXgIu,Falling,Jin,happy,0.6425648021828103,0.7105454252057446,8,-4.626,0,0.0338,0.038,0.00023,0.0483,0.602907670608658,0.4444513008801092,audio_features,3DeK5G7OhuJ1P1462XXgIu,spotify:track:3DeK5G7OhuJ1P1462XXgIu,https://api.spotify.com/v1/tracks/3DeK5G7OhuJ1P1462XXgIu,https://api.spotify.com/v1/audio-analysis/3DeK5G7OhuJ1P1462XXgIu,178839,4
2ATrx8hOTXAZCBdlf6jKhs,Happy Birthday - Background Score,Anirudh Ravichander,happy,0.25102319236016374,0.512869130224302,2,-15.273,1,0.0393,0.516,0.327,0.491,0.4130411196701747,0.5361955524015951,audio_features,2ATrx8hOTXAZCBdlf6jKhs,spotify:track:2ATrx8hOTXAZCBdlf6jKhs,https://api.spotify.com/v1/tracks/2ATrx8hOTXAZCBdlf6jKhs,https://api.spotify.com/v1/audio-analysis/2ATrx8hOTXAZCBdlf6jKhs,124500,4
6Iar2rdBfVt5Sv7U7tD8Rr,The Happy Diwali Song,Shaan,happy,0.8990450204638472,0.8194690979506212,2,-6.099,1,0.0751,0.157,0.0,0.0423,0.9652815449712487,0.47524355345062985,audio_features,6Iar2rdBfVt5Sv7U7tD8Rr,spotify:track:6Iar2rdBfVt5Sv7U7tD8Rr,https://api.spotify.com/v1/tracks/6Iar2rdBfVt5Sv7U7tD8Rr,https://api.spotify.com/v1/audio-analysis/6Iar2rdBfVt5Sv7U7tD8Rr,186364,4
5c2BZj7YSGHwvjf2CtO2S4,I will come to you,Jin,happy,0.5920873124147339,0.12659351299015653,7,-13.824,1,0.0343,0.897,0.0,0.0856,0.4824780297276771,0.07413435357096021,audio_features,5c2BZj7YSGHwvjf2CtO2S4,spotify:track:5c2BZj7YSGHwvjf2CtO2S4,https://api.spotify.com/v1/tracks/5c2BZj7YSGHwvjf2CtO2S4,https://api.spotify.com/v1/audio-analysis/5c2BZj7YSGHwvjf2CtO2S4,156964,4
0Jr79mEiMWxN9EdWisUPBx,Birthday,Kaka WRLD,happy,1.0,0.8144263353235437,6,-5.082,0,0.0501,0.316,0.0,0.0893,0.8774004556797224,0.2673187136983871,audio_features,0Jr79mEiMWxN9EdWisUPBx,spotify:track:0Jr79mEiMWxN9EdWisUPBx,https://api.spotify.com/v1/tracks/0Jr79mEiMWxN9EdWisUPBx,https://api.spotify.com/v1/audio-analysis/0Jr79mEiMWxN9EdWisUPBx,206857,4
4YFxgZRETINInDxEPQaIn6,Happy Adipoli,Yuvan Shankar Raja,happy,0.6493860845839017,0.807366467645635,4,-5.448,0,0.13,0.00305,0.0,0.0479,0.8014538353043291,0.969300309310954,audio_features,4YFxgZRETINInDxEPQaIn6,spotify:track:4YFxgZRETINInDxEPQaIn6,https://api.spotify.com/v1/tracks/4YFxgZRETINInDxEPQaIn6,https://api.spotify.com/v1/audio-analysis/4YFxgZRETINInDxEPQaIn6,216034,4
2B4Lg50Qvg7bTWt94SrdBc,Happy Birthday,Nakash Aziz,happy,0.6712141882673943,0.8376230434081007,6,-3.14,0,0.0398,0.268,0.0,0.357,0.9370728002603885,0.06661370070115635,audio_features,2B4Lg50Qvg7bTWt94SrdBc,spotify:track:2B4Lg50Qvg7bTWt94SrdBc,https://api.spotify.com/v1/tracks/2B4Lg50Qvg7bTWt94SrdBc,https://api.spotify.com/v1/audio-analysis/2B4Lg50Qvg7bTWt94SrdBc,257924,4
1SydkdkUxDpfceFhwZa7tn,Sona Ke Jhulaniya,Shilpi Raj,happy,0.5948158253751705,0.9999999999999999,8,-1.725,1,0.0607,0.035,6.3e-05,0.269,0.890419876315504,0.49859228805257527,audio_features,1SydkdkUxDpfceFhwZa7tn,spotify:track:1SydkdkUxDpfceFhwZa7tn,https://api.spotify.com/v1/tracks/1SydkdkUxDpfceFhwZa7tn,https://api.spotify.com/v1/audio-analysis/1SydkdkUxDpfceFhwZa7tn,190222,4
45J5uEdCQTUzUL3PN8XQun,Happy Birthday Song,CoComelon,happy,0.9208731241473396,0.38680006454736165,4,-11.011,1,0.0345,0.403,0.0,0.145,0.8014538353043291,0.18981356494373014,audio_features,45J5uEdCQTUzUL3PN8XQun,spotify:track:45J5uEdCQTUzUL3PN8XQun,https://api.spotify.com/v1/tracks/45J5uEdCQTUzUL3PN8XQun,https://api.spotify.com/v1/audio-analysis/45J5uEdCQTUzUL3PN8XQun,62229,3
2dM6gB1xw3afy3iovxFcfk,O My Friend,Karthik,happy,0.6248294679399726,0.3272954655478458,9,-13.381,1,0.0407,0.664,0.00102,0.0793,0.2600629271997396,0.15119983338861331,audio_features,2dM6gB1xw3afy3iovxFcfk,spotify:track:2dM6gB1xw3afy3iovxFcfk,https://api.spotify.com/v1/tracks/2dM6gB1xw3afy3iovxFcfk,https://api.spotify.com/v1/audio-analysis/2dM6gB1xw3afy3iovxFcfk,302707,4
14sOS5L36385FJ3OL8hew4,Happy Now,Kygo,happy,0.6848567530695768,0.57640793932548,9,-6.998,1,0.0801,0.374,0.0,0.252,0.4781382228490832,0.3674012480427019,audio_features,14sOS5L36385FJ3OL8hew4,spotify:track:14sOS5L36385FJ3OL8hew4,https://api.spotify.com/v1/tracks/14sOS5L36385FJ3OL8hew4,https://api.spotify.com/v1/audio-analysis/14sOS5L36385FJ3OL8hew4,211362,4
5BCmyRjZJdvOy0ygJ7TbGe,Akhian,Happy Raikoti,happy,0.6630286493860846,0.7418105534936259,9,-3.665,1,0.0435,0.603,0.0,0.138,0.2719973961158728,0.36809546215376077,audio_features,5BCmyRjZJdvOy0ygJ7TbGe,spotify:track:5BCmyRjZJdvOy0ygJ7TbGe,https://api.spotify.com/v1/tracks/5BCmyRjZJdvOy0ygJ7TbGe,https://api.spotify.com/v1/audio-analysis/5BCmyRjZJdvOy0ygJ7TbGe,221186,4
50zAEIE4B1QqhPjRMK2Xmh,Running Wild,Jin,happy,0.4038199181446111,0.7135710827819912,8,-4.22,1,0.0322,0.000175,0.0,0.152,0.2882716719106,0.5904908093765187,audio_features,50zAEIE4B1QqhPjRMK2Xmh,spotify:track:50zAEIE4B1QqhPjRMK2Xmh,https://api.spotify.com/v1/tracks/50zAEIE4B1QqhPjRMK2Xmh,https://api.spotify.com/v1/audio-analysis/50zAEIE4B1QqhPjRMK2Xmh,151647,4
5DQIZ8XC0EP7cfRFrtzY5h,Happy Mistake,Lady Gaga,happy,0.3069577080491132,0.2909875746328869,0,-8.357,1,0.0259,0.191,1.63e-06,0.108,0.11250949332754694,0.09597895759894481,audio_features,5DQIZ8XC0EP7cfRFrtzY5h,spotify:track:5DQIZ8XC0EP7cfRFrtzY5h,https://api.spotify.com/v1/tracks/5DQIZ8XC0EP7cfRFrtzY5h,https://api.spotify.com/v1/audio-analysis/5DQIZ8XC0EP7cfRFrtzY5h,245436,4
6WkcWRUTes7KiKMedTAaB2,Main Tan Vi Pyar Kardan,Happy Raikoti,happy,0.7503410641200545,0.7347506858157172,8,-2.655,0,0.0353,0.26,0.0,0.0852,0.4607789953347076,0.44392678355175375,audio_features,6WkcWRUTes7KiKMedTAaB2,spotify:track:6WkcWRUTes7KiKMedTAaB2,https://api.spotify.com/v1/tracks/6WkcWRUTes7KiKMedTAaB2,https://api.spotify.com/v1/audio-analysis/6WkcWRUTes7KiKMedTAaB2,264000,4
4jd89LLytUSjqjr0IvICfc,Birthday,Sumit Goswami,happy,0.8512960436562071,0.851742778763918,0,-2.306,1,0.054,0.0307,0.0,0.147,0.6723445806661604,0.1711237783760018,audio_features,4jd89LLytUSjqjr0IvICfc,spotify:track:4jd89LLytUSjqjr0IvICfc,https://api.spotify.com/v1/tracks/4jd89LLytUSjqjr0IvICfc,https://api.spotify.com/v1/audio-analysis/4jd89LLytUSjqjr0IvICfc,215790,4
45DB3yqxYGAnKN3YmLWbAX,Running Wild,Jin,happy,0.4038199181446111,0.7135710827819912,8,-4.22,1,0.0322,0.000175,0.0,0.152,0.2882716719106,0.5904908093765187,audio_features,45DB3yqxYGAnKN3YmLWbAX,spotify:track:45DB3yqxYGAnKN3YmLWbAX,https://api.spotify.com/v1/tracks/45DB3yqxYGAnKN3YmLWbAX,https://api.spotify.com/v1/audio-analysis/45DB3yqxYGAnKN3YmLWbAX,151647,4
6r9iTuHa5PARwNnAU3bmew,Upbeat,Ryini Beats,upbeat,0.8594815825375168,0.43722769081813784,8,-12.222,1,0.0562,0.0175,0.795,0.0918,0.14180318975805578,0.2285352853605671,audio_features,6r9iTuHa5PARwNnAU3bmew,spotify:track:6r9iTuHa5PARwNnAU3bmew,https://api.spotify.com/v1/tracks/6r9iTuHa5PARwNnAU3bmew,https://api.spotify.com/v1/audio-analysis/6r9iTuHa5PARwNnAU3bmew,168600,4
7LqhdpcXoke9VgHsDj3AoP,"Upbeat Inspirational Song About Life (feat. Greg Cipes, Scott Menville, Khary Payton, Tara Strong & Hynden Walch)",Teen Titans Go!,upbeat,0.8335607094133697,0.6843230595449411,7,-6.734,1,0.253,0.0723,0.0,0.168,0.3490289682109146,0.5676125976720687,audio_features,7LqhdpcXoke9VgHsDj3AoP,spotify:track:7LqhdpcXoke9VgHsDj3AoP,https://api.spotify.com/v1/tracks/7LqhdpcXoke9VgHsDj3AoP,https://api.spotify.com/v1/audio-analysis/7LqhdpcXoke9VgHsDj3AoP,156120,4
5KMj4vhaIhGx6vLKXc4iS8,Energetic Upbeat Pop,Morninglightmusic,upbeat,0.6493860845839017,0.8083750201710506,2,-8.134,1,0.0353,0.135,0.0567,0.245,0.7005533253770208,0.22767137446680497,audio_features,5KMj4vhaIhGx6vLKXc4iS8,spotify:track:5KMj4vhaIhGx6vLKXc4iS8,https://api.spotify.com/v1/tracks/5KMj4vhaIhGx6vLKXc4iS8,https://api.spotify.com/v1/audio-analysis/5KMj4vhaIhGx6vLKXc4iS8,135600,4
14yyu4xYVBsmNsih8pFKVb,Upbeat,Infraction Music,upbeat,0.4897680763983629,0.7791269969340003,9,-5.977,1,0.0364,0.003,0.891,0.165,0.5128566778778345,0.6137932630377267,audio_features,14yyu4xYVBsmNsih8pFKVb,spotify:track:14yyu4xYVBsmNsih8pFKVb,https://api.spotify.com/v1/tracks/14yyu4xYVBsmNsih8pFKVb,https://api.spotify.com/v1/audio-analysis/14yyu4xYVBsmNsih8pFKVb,92800,3
18VNxGXLRsGR9aq1yruXvn,Upbeat Fashion Lounge Summer Ambient,Gold-Tiger,upbeat,0.9372442019099589,0.6449895110537357,0,-7.942,1,0.151,0.176,0.83,0.164,0.17652164478680699,0.3830210655415256,audio_features,18VNxGXLRsGR9aq1yruXvn,spotify:track:18VNxGXLRsGR9aq1yruXvn,https://api.spotify.com/v1/tracks/18VNxGXLRsGR9aq1yruXvn,https://api.spotify.com/v1/audio-analysis/18VNxGXLRsGR9aq1yruXvn,104073,4
4CwvQfTEaVWZfo3cB3qPFo,Start Up,Happy Music Channel,upbeat,0.7830832196452933,0.9031789575601097,10,-5.613,1,0.0307,0.277,0.895,0.333,0.9251383313442553,0.25176060412054646,audio_features,4CwvQfTEaVWZfo3cB3qPFo,spotify:track:4CwvQfTEaVWZfo3cB3qPFo,https://api.spotify.com/v1/tracks/4CwvQfTEaVWZfo3cB3qPFo,https://api.spotify.com/v1/audio-analysis/4CwvQfTEaVWZfo3cB3qPFo,173154,4
7q2bNoHPWaa3OSTC5wcIMV,UpBeat,Tab,upbeat,0.6889495225102318,0.7135710827819912,1,-7.045,0,0.0312,0.08,0.262,0.0822,0.12227405880438323,0.4449526777380961,audio_features,7q2bNoHPWaa3OSTC5wcIMV,spotify:track:7q2bNoHPWaa3OSTC5wcIMV,https://api.spotify.com/v1/tracks/7q2bNoHPWaa3OSTC5wcIMV,https://api.spotify.com/v1/audio-analysis/7q2bNoHPWaa3OSTC5wcIMV,196875,4
390WqtJIPHg5IUSrFycnKT,Upbeat and Inspiring Corporate,Morninglightmusic,upbeat,0.6302864938608459,0.6419638534774891,3,-10.54,1,0.0365,0.00327,0.836,0.0862,0.19279592058153416,0.38261225056501325,audio_features,390WqtJIPHg5IUSrFycnKT,spotify:track:390WqtJIPHg5IUSrFycnKT,https://api.spotify.com/v1/tracks/390WqtJIPHg5IUSrFycnKT,https://api.spotify.com/v1/audio-analysis/390WqtJIPHg5IUSrFycnKT,128000,4
6GoYzAcOWqEcAfwzaXzv90,Right Now,Happy Music Channel,upbeat,0.6070941336971349,0.9041875100855252,0,-5.092,1,0.0283,0.586,0.93,0.0884,0.9902354345231638,0.22845043696921552,audio_features,6GoYzAcOWqEcAfwzaXzv90,spotify:track:6GoYzAcOWqEcAfwzaXzv90,https://api.spotify.com/v1/tracks/6GoYzAcOWqEcAfwzaXzv90,https://api.spotify.com/v1/audio-analysis/6GoYzAcOWqEcAfwzaXzv90,170550,4
08xSGmfXNJWh0yjUQzXvuz,Upbeat,AShamaluevMusic,upbeat,0.5593451568894952,0.917298692915927,0,-4.998,1,0.0337,0.0271,0.777,0.341,0.9142888141477705,0.19006811011778502,audio_features,08xSGmfXNJWh0yjUQzXvuz,spotify:track:08xSGmfXNJWh0yjUQzXvuz,https://api.spotify.com/v1/tracks/08xSGmfXNJWh0yjUQzXvuz,https://api.spotify.com/v1/audio-analysis/08xSGmfXNJWh0yjUQzXvuz,155939,4
60zrnaizwQXx7kBS3JJuXo,Upbeat Corporate Inspiration,Melodality,upbeat,0.7216916780354705,0.46244150395352596,8,-12.563,1,0.0405,0.398,0.938,0.0824,0.7135727460128025,0.42117970117939274,audio_features,60zrnaizwQXx7kBS3JJuXo,spotify:track:60zrnaizwQXx7kBS3JJuXo,https://api.spotify.com/v1/tracks/60zrnaizwQXx7kBS3JJuXo,https://api.spotify.com/v1/audio-analysis/60zrnaizwQXx7kBS3JJuXo,140030,4
2FnmKpYraHvKyKdsy7KDOK,Upbeat Music,Background Music for Videos,upbeat,0.6289222373806276,0.7044941100532515,0,-8.766,0,0.065,0.386,0.28,0.35,0.7168276011717479,0.7690889596815871,audio_features,2FnmKpYraHvKyKdsy7KDOK,spotify:track:2FnmKpYraHvKyKdsy7KDOK,https://api.spotify.com/v1/tracks/2FnmKpYraHvKyKdsy7KDOK,https://api.spotify.com/v1/audio-analysis/2FnmKpYraHvKyKdsy7KDOK,87529,4
2ovDIb42GNsxNtkBMnwe0N,Upbeat,driftingaway,upbeat,0.0,0.5854849120542197,0,-14.621,1,0.043,0.232,0.812,0.0753,0.0,0.44475984048502426,audio_features,2ovDIb42GNsxNtkBMnwe0N,spotify:track:2ovDIb42GNsxNtkBMnwe0N,https://api.spotify.com/v1/tracks/2ovDIb42GNsxNtkBMnwe0N,https://api.spotify.com/v1/audio-analysis/2ovDIb42GNsxNtkBMnwe0N,213101,4
3Yxduj8GvkKvCiS7H71wb4,Saranam Saranam Saranam Ayyappa - Upbeat Version,S. L. Murali,upbeat,0.6466575716234653,0.8628368565434887,2,-5.143,1,0.0571,0.134,0.00499,0.0733,0.8557014212867528,0.0549200496748764,audio_features,3Yxduj8GvkKvCiS7H71wb4,spotify:track:3Yxduj8GvkKvCiS7H71wb4,https://api.spotify.com/v1/tracks/3Yxduj8GvkKvCiS7H71wb4,https://api.spotify.com/v1/audio-analysis/3Yxduj8GvkKvCiS7H71wb4,245920,4
5DXEPga9ZOWKxSqje4T9hx,Come On With It,Happy Music Channel,upbeat,0.645293315143247,0.8628368565434887,0,-6.188,1,0.0303,0.356,0.907,0.0477,0.9218834761853099,0.2748856475089283,audio_features,5DXEPga9ZOWKxSqje4T9hx,spotify:track:5DXEPga9ZOWKxSqje4T9hx,https://api.spotify.com/v1/tracks/5DXEPga9ZOWKxSqje4T9hx,https://api.spotify.com/v1/audio-analysis/5DXEPga9ZOWKxSqje4T9hx,169953,4
0y5FqaWmv24baExEStItt1,Upbeat,Sound Gallery by Dmitry Taras,upbeat,0.641200545702592,0.9747861868646118,9,-4.789,0,0.0396,0.0725,0.887,0.0734,0.6636649669089727,0.22892867335683376,audio_features,0y5FqaWmv24baExEStItt1,spotify:track:0y5FqaWmv24baExEStItt1,https://api.spotify.com/v1/tracks/0y5FqaWmv24baExEStItt1,https://api.spotify.com/v1/audio-analysis/0y5FqaWmv24baExEStItt1,94200,4
0dWoABlhJXnVLQEyYVYJhF,Upbeat Happy Tune,Melodality,upbeat,0.641200545702592,0.68230595449411,9,-9.258,1,0.0775,0.211,0.839,0.0883,0.9880655310838667,0.9229113797119783,audio_features,0dWoABlhJXnVLQEyYVYJhF,spotify:track:0dWoABlhJXnVLQEyYVYJhF,https://api.spotify.com/v1/tracks/0dWoABlhJXnVLQEyYVYJhF,https://api.spotify.com/v1/audio-analysis/0dWoABlhJXnVLQEyYVYJhF,123868,4
7FkytZ6RxRfnFlSyKORbRE,Upbeat Fun,Morninglightmusic,upbeat,0.819918144611187,0.7882039696627401,7,-8.533,1,0.0374,0.0435,0.882,0.0864,0.20690029293696433,0.18989841333508173,audio_features,7FkytZ6RxRfnFlSyKORbRE,spotify:track:7FkytZ6RxRfnFlSyKORbRE,https://api.spotify.com/v1/tracks/7FkytZ6RxRfnFlSyKORbRE,https://api.spotify.com/v1/audio-analysis/7FkytZ6RxRfnFlSyKORbRE,124105,4
2hs5PQCJuU1hYENIHv00vY,Upbeat,Red Robotix,upbeat,0.6848567530695768,0.4079796675810876,0,-13.604,1,0.0328,0.0182,0.844,0.109,0.3153954649018119,0.3442530641839514,audio_features,2hs5PQCJuU1hYENIHv00vY,spotify:track:2hs5PQCJuU1hYENIHv00vY,https://api.spotify.com/v1/tracks/2hs5PQCJuU1hYENIHv00vY,https://api.spotify.com/v1/audio-analysis/2hs5PQCJuU1hYENIHv00vY,206087,4
6b76NXdPNsMRB7Ood09JQc,Dinanath - Upbeat,Sharda Sinha,upbeat,0.6002728512960436,0.5965789898337905,6,-5.46,1,0.0389,0.887,1.97e-05,0.326,0.9294781382228492,0.6154593769042678,audio_features,6b76NXdPNsMRB7Ood09JQc,spotify:track:6b76NXdPNsMRB7Ood09JQc,https://api.spotify.com/v1/tracks/6b76NXdPNsMRB7Ood09JQc,https://api.spotify.com/v1/audio-analysis/6b76NXdPNsMRB7Ood09JQc,175651,3
2NveWjexBCEqsOEiHBoXQ4,Very Cool,Happy Music Channel,upbeat,0.5497953615279672,0.8759480393738905,0,-6.312,1,0.033,0.0498,0.715,0.0529,0.8622111316046437,0.9219780474071102,audio_features,2NveWjexBCEqsOEiHBoXQ4,spotify:track:2NveWjexBCEqsOEiHBoXQ4,https://api.spotify.com/v1/tracks/2NveWjexBCEqsOEiHBoXQ4,https://api.spotify.com/v1/audio-analysis/2NveWjexBCEqsOEiHBoXQ4,178579,4
3X4iN3yOF85xUoOaVokkFN,Upbeat,Lofi Gold,upbeat,0.7053206002728512,0.33939809585283204,7,-6.341,1,0.0604,0.381,0.933,0.0901,0.2589779754800911,0.053446773061407105,audio_features,3X4iN3yOF85xUoOaVokkFN,spotify:track:3X4iN3yOF85xUoOaVokkFN,https://api.spotify.com/v1/tracks/3X4iN3yOF85xUoOaVokkFN,https://api.spotify.com/v1/audio-analysis/3X4iN3yOF85xUoOaVokkFN,239464,4
3LIFW4waGfNUZGjLDoc6sY,Hey You,Happy Music Channel,upbeat,0.654843110504775,0.7498789736969501,0,-4.784,1,0.026,0.0316,0.606,0.0319,0.9251383313442553,0.22864327422228736,audio_features,3LIFW4waGfNUZGjLDoc6sY,spotify:track:3LIFW4waGfNUZGjLDoc6sY,https://api.spotify.com/v1/tracks/3LIFW4waGfNUZGjLDoc6sY,https://api.spotify.com/v1/audio-analysis/3LIFW4waGfNUZGjLDoc6sY,185550,4
6xGHmFoe0VQAeRHmsUojwG,Upbeat,The Lazy Bees,upbeat,0.5402455661664392,0.19416653219299662,9,-20.935,1,0.0359,0.741,0.758,0.0901,0.5052620158402952,0.09304783135225192,audio_features,6xGHmFoe0VQAeRHmsUojwG,spotify:track:6xGHmFoe0VQAeRHmsUojwG,https://api.spotify.com/v1/tracks/6xGHmFoe0VQAeRHmsUojwG,https://api.spotify.com/v1/audio-analysis/6xGHmFoe0VQAeRHmsUojwG,156238,4
0TAH3kHHqreWEr7tIf8gqf,Your Upbeat Life,Melodality,upbeat,0.635743519781719,0.578425044376311,0,-9.122,1,0.034,0.143,0.266,0.287,0.7255072149289357,0.6140169542512901,audio_features,0TAH3kHHqreWEr7tIf8gqf,spotify:track:0TAH3kHHqreWEr7tIf8gqf,https://api.spotify.com/v1/tracks/0TAH3kHHqreWEr7tIf8gqf,https://api.spotify.com/v1/audio-analysis/0TAH3kHHqreWEr7tIf8gqf,156017,4
3ZMRsgZxv9gFZZ9zMl3Ncn,upbeat,Quiet Wonder,upbeat,0.004092769440654842,0.0,0,-32.334,1,0.0458,0.899,0.865,0.111,0.027449278507106448,0.013028084817537366,audio_features,3ZMRsgZxv9gFZZ9zMl3Ncn,spotify:track:3ZMRsgZxv9gFZZ9zMl3Ncn,https://api.spotify.com/v1/tracks/3ZMRsgZxv9gFZZ9zMl3Ncn,https://api.spotify.com/v1/audio-analysis/3ZMRsgZxv9gFZZ9zMl3Ncn,66168,3
6WqMQfMOzlgHBK71MbTlkn,Upbeat and Inspiring Indie Rock,Morninglightmusic,upbeat,0.5675306957708048,0.9102388252380184,1,-4.281,0,0.031,0.00983,0.896,0.368,0.5822935879353369,0.19027637435110267,audio_features,6WqMQfMOzlgHBK71MbTlkn,spotify:track:6WqMQfMOzlgHBK71MbTlkn,https://api.spotify.com/v1/tracks/6WqMQfMOzlgHBK71MbTlkn,https://api.spotify.com/v1/audio-analysis/6WqMQfMOzlgHBK71MbTlkn,138947,4
7ITH2NSSbeLkcgUv5vA10x,Follow Me,Happy Music Channel,upbeat,0.7735334242837653,0.8527513312893334,0,-4.639,1,0.0363,0.693,0.881,0.0394,1.0,0.22869726865314743,audio_features,7ITH2NSSbeLkcgUv5vA10x,spotify:track:7ITH2NSSbeLkcgUv5vA10x,https://api.spotify.com/v1/tracks/7ITH2NSSbeLkcgUv5vA10x,https://api.spotify.com/v1/audio-analysis/7ITH2NSSbeLkcgUv5vA10x,175050,4
18TfGPwlvI05nxamQddQbq,UPBEAT,HAPPY UPBEAT MUSIC,upbeat,0.5634379263301499,0.9283927706954979,4,-4.187,0,0.0487,0.000871,0.283,0.0571,0.2926114787891939,0.8528420354357735,audio_features,18TfGPwlvI05nxamQddQbq,spotify:track:18TfGPwlvI05nxamQddQbq,https://api.spotify.com/v1/tracks/18TfGPwlvI05nxamQddQbq,https://api.spotify.com/v1/audio-analysis/18TfGPwlvI05nxamQddQbq,160228,4
5E0YTsg8vmE2bdMsmJpcgB,Upbeat Ambient,Dmitro Khatskevych,upbeat,0.47476125511596173,0.40394545747942556,9,-17.217,1,0.0343,0.878,0.933,0.11,0.6072474774872518,0.3441836427728455,audio_features,5E0YTsg8vmE2bdMsmJpcgB,spotify:track:5E0YTsg8vmE2bdMsmJpcgB,https://api.spotify.com/v1/tracks/5E0YTsg8vmE2bdMsmJpcgB,https://api.spotify.com/v1/audio-analysis/5E0YTsg8vmE2bdMsmJpcgB,138411,4
6U2E5OUBRpC6ndZ5PPvA91,Every Morning,Happy Music Channel,upbeat,0.6234652114597543,0.7397934484427948,0,-6.143,1,0.0369,0.903,0.928,0.0724,0.9891504828035153,0.25932753793108765,audio_features,6U2E5OUBRpC6ndZ5PPvA91,spotify:track:6U2E5OUBRpC6ndZ5PPvA91,https://api.spotify.com/v1/tracks/6U2E5OUBRpC6ndZ5PPvA91,https://api.spotify.com/v1/audio-analysis/6U2E5OUBRpC6ndZ5PPvA91,172212,4
56vvQFlih0cliW3bnFGzgj,upbeat,fazers,upbeat,0.7544338335607093,0.4483217685977086,11,-9.549,1,0.215,0.303,0.448,0.112,0.7027232288163177,0.1291083976766968,audio_features,56vvQFlih0cliW3bnFGzgj,spotify:track:56vvQFlih0cliW3bnFGzgj,https://api.spotify.com/v1/tracks/56vvQFlih0cliW3bnFGzgj,https://api.spotify.com/v1/audio-analysis/56vvQFlih0cliW3bnFGzgj,93339,4
7Lx9KmPs2M7lah1iDXhqtQ,Gulon Mein (Upbeat Version),KK,upbeat,0.5525238744884038,0.6812974019686946,9,-5.62,1,0.0274,0.556,0.000203,0.0769,0.5085168709992406,0.2514829184761229,audio_features,7Lx9KmPs2M7lah1iDXhqtQ,spotify:track:7Lx9KmPs2M7lah1iDXhqtQ,https://api.spotify.com/v1/tracks/7Lx9KmPs2M7lah1iDXhqtQ,https://api.spotify.com/v1/audio-analysis/7Lx9KmPs2M7lah1iDXhqtQ,311865,4
7Kt4Xnkz3ETFD55J8KpaAq,Fun and Upbeat,Morninglightmusic,upbeat,0.6084583901773533,0.9031789575601097,7,-5.281,1,0.064,0.0438,0.965,0.0714,0.7374416838450689,1.0,audio_features,7Kt4Xnkz3ETFD55J8KpaAq,spotify:track:7Kt4Xnkz3ETFD55J8KpaAq,https://api.spotify.com/v1/tracks/7Kt4Xnkz3ETFD55J8KpaAq,https://api.spotify.com/v1/audio-analysis/7Kt4Xnkz3ETFD55J8KpaAq,135000,4
10miaHfjm80uzeJynOyxWZ,Upbeat,ChetaJp,upbeat,0.5143246930422918,0.938478295949653,10,-4.76,0,0.0878,0.00163,0.868,0.127,0.6332863187588154,0.691460395084964,audio_features,10miaHfjm80uzeJynOyxWZ,spotify:track:10miaHfjm80uzeJynOyxWZ,https://api.spotify.com/v1/tracks/10miaHfjm80uzeJynOyxWZ,https://api.spotify.com/v1/audio-analysis/10miaHfjm80uzeJynOyxWZ,82913,4
6vN6T20IyY9Vo2k0bCRIja,Upbeat,Synthwave Nation,upbeat,0.6139154160982263,0.7387848959173793,5,-8.533,1,0.038,0.00301,0.408,0.125,0.6148421395247912,0.2669716066428577,audio_features,6vN6T20IyY9Vo2k0bCRIja,spotify:track:6vN6T20IyY9Vo2k0bCRIja,https://api.spotify.com/v1/tracks/6vN6T20IyY9Vo2k0bCRIja,https://api.spotify.com/v1/audio-analysis/6vN6T20IyY9Vo2k0bCRIja,164589,4
0W2g8DDoIE9DoS6tJFD5h0,Upbeat Cafe,Cafe Music BGM channel,upbeat,0.7175989085948158,0.5411086009359367,10,-13.6,1,0.0425,0.259,0.946,0.11,0.4358251057827927,0.6307089468771934,audio_features,0W2g8DDoIE9DoS6tJFD5h0,spotify:track:0W2g8DDoIE9DoS6tJFD5h0,https://api.spotify.com/v1/tracks/0W2g8DDoIE9DoS6tJFD5h0,https://api.spotify.com/v1/audio-analysis/0W2g8DDoIE9DoS6tJFD5h0,210112,4
7oD4wW96RAo6PtDYbYr4R9,Uplifting Upbeat Energetic Instrumental,Romansenykmusic,upbeat,0.49386084583901774,0.9162901403905115,9,-6.282,1,0.0278,0.344,0.268,0.0615,0.735271780405772,0.5370440363151114,audio_features,7oD4wW96RAo6PtDYbYr4R9,spotify:track:7oD4wW96RAo6PtDYbYr4R9,https://api.spotify.com/v1/tracks/7oD4wW96RAo6PtDYbYr4R9,https://api.spotify.com/v1/audio-analysis/7oD4wW96RAo6PtDYbYr4R9,149143,4
0M3pFhZzmLdNefQk8cbNa8,Upbeat,Mapa,upbeat,0.5661664392905865,0.5441342585121833,6,-11.616,1,0.0452,0.916,0.944,0.115,0.7786698491917111,0.35994230309388087,audio_features,0M3pFhZzmLdNefQk8cbNa8,spotify:track:0M3pFhZzmLdNefQk8cbNa8,https://api.spotify.com/v1/tracks/0M3pFhZzmLdNefQk8cbNa8,https://api.spotify.com/v1/audio-analysis/0M3pFhZzmLdNefQk8cbNa8,137781,4
0BL0PE0fxHyjlaWJiscAR3,Upbeat Ukulele,Morninglightmusic,upbeat,0.8485675306957707,0.5562368888171696,7,-11.048,1,0.035,0.217,0.874,0.0748,0.9316480416621462,0.18989841333508173,audio_features,0BL0PE0fxHyjlaWJiscAR3,spotify:track:0BL0PE0fxHyjlaWJiscAR3,https://api.spotify.com/v1/tracks/0BL0PE0fxHyjlaWJiscAR3,https://api.spotify.com/v1/audio-analysis/0BL0PE0fxHyjlaWJiscAR3,134211,4
4JSAMr6fNOB0pFyquUekIu,Exciting Positive Moments (60s),Audiosphere,upbeat,0.5879945429740789,0.8224947555268678,9,-7.666,0,0.0292,0.177,0.891,0.16,0.6777693392644029,0.4370386368720255,audio_features,4JSAMr6fNOB0pFyquUekIu,spotify:track:4JSAMr6fNOB0pFyquUekIu,https://api.spotify.com/v1/tracks/4JSAMr6fNOB0pFyquUekIu,https://api.spotify.com/v1/audio-analysis/4JSAMr6fNOB0pFyquUekIu,64252,4
57zjA7KF1sNngXj7RNMDF4,UPBEAT,CONVOY ONE,upbeat,0.65075034106412,0.639946748426658,2,-10.017,1,0.0378,1.58e-05,0.907,0.0937,0.7331018769664751,0.5686924862892713,audio_features,57zjA7KF1sNngXj7RNMDF4,spotify:track:57zjA7KF1sNngXj7RNMDF4,https://api.spotify.com/v1/tracks/57zjA7KF1sNngXj7RNMDF4,https://api.spotify.com/v1/audio-analysis/57zjA7KF1sNngXj7RNMDF4,106600,4
1tG2CJG8XqikDZvp1d9VEt,Upbeat Background Music,Background Music for Videos,upbeat,0.451568894952251,0.8557769888655801,11,-11.044,1,0.0322,0.12,0.85,0.107,0.3718129543235326,0.5370903172558488,audio_features,1tG2CJG8XqikDZvp1d9VEt,spotify:track:1tG2CJG8XqikDZvp1d9VEt,https://api.spotify.com/v1/tracks/1tG2CJG8XqikDZvp1d9VEt,https://api.spotify.com/v1/audio-analysis/1tG2CJG8XqikDZvp1d9VEt,132429,4
4HBF3NmTwOf0KOqA6XhLbK,Going To The Upside,Robert Lamond,upbeat,0.5225102319236015,0.5249717605292884,6,-7.444,1,0.0425,0.0551,3.74e-06,0.0991,0.44450471953998055,0.5817514250673004,audio_features,4HBF3NmTwOf0KOqA6XhLbK,spotify:track:4HBF3NmTwOf0KOqA6XhLbK,https://api.spotify.com/v1/tracks/4HBF3NmTwOf0KOqA6XhLbK,https://api.spotify.com/v1/audio-analysis/4HBF3NmTwOf0KOqA6XhLbK,172000,4
0pw8XxykEo8jPN9AJe973C,Upbeat,Yotam Perel,upbeat,0.48567530695770805,0.4291592706148136,9,-11.056,1,0.0906,0.487,0.899,0.0971,0.2557231203211457,0.9991592295766065,audio_features,0pw8XxykEo8jPN9AJe973C,spotify:track:0pw8XxykEo8jPN9AJe973C,https://api.spotify.com/v1/tracks/0pw8XxykEo8jPN9AJe973C,https://api.spotify.com/v1/audio-analysis/0pw8XxykEo8jPN9AJe973C,94800,4
2DYRhu5WGp3RNVjnzg9twE,Chhathi Maiya Ayetan Aaj - Upbeat,Sharda Sinha,upbeat,0.2551159618008186,0.4362191382927223,1,-6.521,1,0.0411,0.967,0.0742,0.124,0.09949007269176523,0.7711176075839035,audio_features,2DYRhu5WGp3RNVjnzg9twE,spotify:track:2DYRhu5WGp3RNVjnzg9twE,https://api.spotify.com/v1/tracks/2DYRhu5WGp3RNVjnzg9twE,https://api.spotify.com/v1/audio-analysis/2DYRhu5WGp3RNVjnzg9twE,167876,1
24zjn3gbuo8AL7Tph8DI8N,Exciting Life,Melodality,upbeat,0.6671214188267394,0.6691947716637082,0,-6.621,1,0.0475,0.549,0.659,0.104,0.8958446349137464,0.8452751016252325,audio_features,24zjn3gbuo8AL7Tph8DI8N,spotify:track:24zjn3gbuo8AL7Tph8DI8N,https://api.spotify.com/v1/tracks/24zjn3gbuo8AL7Tph8DI8N,https://api.spotify.com/v1/audio-analysis/24zjn3gbuo8AL7Tph8DI8N,132037,4
1M23jZsB2GvZvh8SO3BE6a,Upbeat,Toy likely,upbeat,0.7448840381991815,0.5138776827497176,1,-13.631,0,0.128,0.675,0.967,0.0716,0.34794401649126616,0.6572587798801324,audio_features,1M23jZsB2GvZvh8SO3BE6a,spotify:track:1M23jZsB2GvZvh8SO3BE6a,https://api.spotify.com/v1/tracks/1M23jZsB2GvZvh8SO3BE6a,https://api.spotify.com/v1/audio-analysis/1M23jZsB2GvZvh8SO3BE6a,86935,4
0Zd1VoPAmtCTi37dsMFHqY,Kaun Disha Mein Leke Chala - Upbeat,Jaspal Singh,upbeat,0.5607094133697135,0.7851783120864935,10,-6.34,1,0.102,0.47,3.25e-06,0.124,0.7981989801453837,0.14888578635175065,audio_features,0Zd1VoPAmtCTi37dsMFHqY,spotify:track:0Zd1VoPAmtCTi37dsMFHqY,https://api.spotify.com/v1/tracks/0Zd1VoPAmtCTi37dsMFHqY,https://api.spotify.com/v1/audio-analysis/0Zd1VoPAmtCTi37dsMFHqY,196234,4
6Y2YQFazXCWnttUPmyB610,Feel It Still,Portugal. The Man,upbeat,0.829467939972715,0.8003065999677264,1,-5.157,0,0.0624,0.0427,7.48e-05,0.0907,0.7667353802755779,0.06726163387147777,audio_features,6Y2YQFazXCWnttUPmyB610,spotify:track:6Y2YQFazXCWnttUPmyB610,https://api.spotify.com/v1/tracks/6Y2YQFazXCWnttUPmyB610,https://api.spotify.com/v1/audio-analysis/6Y2YQFazXCWnttUPmyB610,162093,4
